employee_id,first_name,last_name,birth_date,gender,city_id,hire_date
1,Nicole,Fuller,1981-03-07,F,80,2011-06-20
2,Christine,Palmer,1968-01-25,F,4,2011-04-27
3,Pablo,Cline,1963-02-09,M,70,2012-03-30
4,Darnell,Nielsen,1989-02-06,M,39,2014-03-06
5,Desiree,Stuart,1963-05-03,F,23,2014-11-16
6,Holly,Collins,1987-01-13,M,65,2013-06-22
7,Chadwick,Cook,1970-05-02,M,39,2016-07-10
8,Julie,Dyer,1956-12-13,M,18,2014-10-14
9,Daphne,King,1956-05-02,F,39,2013-04-17
10,Jean,Vang,1963-12-30,M,9,2012-07-23
11,Sonya,Dickson,1976-01-14,F,12,2016-08-10
12,Lindsay,Chen,1951-09-03,F,58,2011-11-03
13,Katina,Marks,1963-04-18,M,68,2011-12-12
14,Wendi,Buckley,1961-09-05,M,32,2016-07-11
15,Kari,Finley,1972-02-17,M,92,2014-07-13
16,Chadwick,Walton,1951-07-07,M,28,2017-02-10
17,Seth,Franco,1989-08-29,M,80,2010-07-11
18,Warren,Bartlett,1964-03-09,M,58,2010-02-22
19,Bernard,Moody,1970-03-22,M,54,2013-11-12
20,Shelby,Riddle,1964-06-13,M,14,2013-03-24
21,Devon,Brewer,1966-04-25,M,65,2016-01-24
22,Tonia,Mc Millan,1952-03-02,F,53,2015-11-25
23,Janet,Flowers,1979-03-01,F,7,2010-05-12
24,Employee24,City81,1988-12-06,M,81,2020-05-11 00:00:00
25,Employee25,City81,1994-03-09,M,81,2018-06-28 00:00:00
26,Employee26,City81,1980-02-16,F,81,2020-08-19 00:00:00
27,Employee27,City81,1991-09-09,M,81,2020-08-19 00:00:00
28,Employee28,City81,1997-03-06,M,81,2021-06-08 00:00:00
29,Employee29,City78,1996-09-17,M,78,2019-03-06 00:00:00
30,Employee30,City78,1995-03-18,F,78,2020-02-24 00:00:00
31,Employee31,City78,1982-08-16,F,78,2020-08-02 00:00:00
32,Employee32,City78,1987-07-19,M,78,2023-10-07 00:00:00
33,Employee33,City78,1996-06-23,F,78,2016-07-15 00:00:00
34,Employee34,City74,1985-07-27,M,74,2023-04-13 00:00:00
35,Employee35,City74,1996-02-19,F,74,2024-07-20 00:00:00
36,Employee36,City74,1996-01-07,M,74,2015-08-03 00:00:00
37,Employee37,City74,1983-12-22,F,74,2020-08-24 00:00:00
38,Employee38,City74,1997-09-25,M,74,2023-09-03 00:00:00
39,Employee39,City95,1982-07-16,F,95,2018-08-07 00:00:00
40,Employee40,City95,1986-11-15,M,95,2021-08-20 00:00:00
41,Employee41,City95,1984-11-28,M,95,2023-07-16 00:00:00
42,Employee42,City95,1999-02-11,F,95,2020-01-22 00:00:00
43,Employee43,City95,1992-12-22,M,95,2022-12-12 00:00:00
44,Employee44,City34,1994-03-10,F,34,2022-05-20 00:00:00
45,Employee45,City34,1983-08-27,F,34,2018-08-05 00:00:00
46,Employee46,City34,1998-08-10,F,34,2017-01-03 00:00:00
47,Employee47,City34,1985-07-06,M,34,2019-06-12 00:00:00
48,Employee48,City34,1985-07-25,F,34,2016-06-25 00:00:00
49,Employee49,City80,1994-01-29,M,80,2020-07-05 00:00:00
50,Employee50,City80,1993-10-13,F,80,2020-09-17 00:00:00
51,Employee51,City80,2000-08-07,M,80,2015-04-21 00:00:00
52,Employee52,City70,1989-05-27,M,70,2022-03-09 00:00:00
53,Employee53,City70,1995-01-25,F,70,2017-12-10 00:00:00
54,Employee54,City70,1987-04-07,F,70,2024-11-30 00:00:00
55,Employee55,City70,1992-07-17,F,70,2017-03-29 00:00:00
56,Employee56,City43,1991-02-04,F,43,2024-09-30 00:00:00
57,Employee57,City43,1995-01-23,F,43,2020-07-08 00:00:00
58,Employee58,City43,1996-08-09,M,43,2017-12-21 00:00:00
59,Employee59,City43,1988-09-09,M,43,2016-06-05 00:00:00
60,Employee60,City43,1981-11-16,M,43,2019-10-02 00:00:00
61,Employee61,City1,1997-06-07,F,1,2016-10-04 00:00:00
62,Employee62,City1,1993-09-02,F,1,2016-02-23 00:00:00
63,Employee63,City1,2000-08-20,M,1,2023-08-03 00:00:00
64,Employee64,City1,1990-05-27,M,1,2022-11-23 00:00:00
65,Employee65,City1,1992-06-16,M,1,2016-07-29 00:00:00
66,Employee66,City11,1996-11-24,M,11,2019-09-25 00:00:00
67,Employee67,City11,1996-07-25,F,11,2022-12-26 00:00:00
68,Employee68,City11,1994-04-15,M,11,2019-06-20 00:00:00
69,Employee69,City11,1984-07-05,F,11,2022-06-03 00:00:00
70,Employee70,City11,1988-03-20,M,11,2021-11-19 00:00:00
71,Employee71,City65,1985-01-12,M,65,2016-03-30 00:00:00
72,Employee72,City65,1998-01-24,M,65,2017-06-06 00:00:00
73,Employee73,City65,1983-06-30,F,65,2018-06-15 00:00:00
74,Employee74,City31,1995-04-04,M,31,2017-06-06 00:00:00
75,Employee75,City31,1988-03-25,M,31,2015-08-30 00:00:00
76,Employee76,City31,1988-03-30,M,31,2019-07-18 00:00:00
77,Employee77,City31,1982-07-29,F,31,2021-10-02 00:00:00
78,Employee78,City31,1999-03-13,F,31,2023-09-29 00:00:00
79,Employee79,City19,1986-08-08,F,19,2023-02-15 00:00:00
80,Employee80,City19,1995-10-22,F,19,2022-04-08 00:00:00
81,Employee81,City19,1983-07-07,F,19,2021-12-07 00:00:00
82,Employee82,City19,1992-08-01,F,19,2021-04-27 00:00:00
83,Employee83,City19,1995-03-13,F,19,2018-05-04 00:00:00
84,Employee84,City5,1982-05-09,F,5,2024-11-28 00:00:00
85,Employee85,City5,1997-04-17,F,5,2022-10-20 00:00:00
86,Employee86,City5,1993-07-06,M,5,2017-01-31 00:00:00
87,Employee87,City5,1996-03-10,F,5,2023-10-12 00:00:00
88,Employee88,City5,1993-08-24,F,5,2024-08-23 00:00:00
89,Employee89,City32,1994-09-28,F,32,2021-07-01 00:00:00
90,Employee90,City32,1984-02-27,M,32,2015-09-26 00:00:00
91,Employee91,City32,1983-03-12,F,32,2021-01-11 00:00:00
92,Employee92,City32,1999-03-09,F,32,2019-04-12 00:00:00
93,Employee93,City27,1980-03-01,M,27,2024-12-06 00:00:00
94,Employee94,City27,1995-06-21,M,27,2015-01-02 00:00:00
95,Employee95,City27,2000-04-07,F,27,2023-08-12 00:00:00
96,Employee96,City27,1994-09-16,M,27,2016-07-22 00:00:00
97,Employee97,City27,1981-02-02,M,27,2019-01-23 00:00:00
98,Employee98,City13,1990-09-13,M,13,2021-11-18 00:00:00
99,Employee99,City13,2000-06-22,M,13,2022-05-10 00:00:00
100,Employee100,City13,1981-01-15,M,13,2021-09-23 00:00:00
101,Employee101,City13,1996-02-01,F,13,2020-04-15 00:00:00
102,Employee102,City13,1994-12-03,M,13,2023-04-22 00:00:00
103,Employee103,City23,1987-03-21,M,23,2021-03-09 00:00:00
104,Employee104,City23,1981-07-29,F,23,2019-08-01 00:00:00
105,Employee105,City23,1984-01-10,M,23,2021-09-18 00:00:00
106,Employee106,City23,1987-02-01,F,23,2019-09-06 00:00:00
107,Employee107,City54,1992-08-12,M,54,2020-10-14 00:00:00
108,Employee108,City54,1987-08-15,F,54,2024-07-04 00:00:00
109,Employee109,City54,1998-04-23,F,54,2022-09-28 00:00:00
110,Employee110,City54,1996-02-25,F,54,2024-11-13 00:00:00
111,Employee111,City86,1994-12-25,M,86,2017-04-11 00:00:00
112,Employee112,City86,1993-11-29,M,86,2018-05-06 00:00:00
113,Employee113,City86,1987-02-12,M,86,2018-01-19 00:00:00
114,Employee114,City86,2000-05-21,M,86,2016-09-27 00:00:00
115,Employee115,City86,1981-01-21,F,86,2023-11-21 00:00:00
116,Employee116,City41,1980-07-17,F,41,2016-11-28 00:00:00
117,Employee117,City41,1996-05-08,M,41,2023-05-26 00:00:00
118,Employee118,City41,1991-02-01,M,41,2023-08-13 00:00:00
119,Employee119,City41,1989-10-19,F,41,2017-11-21 00:00:00
120,Employee120,City41,1986-12-27,F,41,2018-06-14 00:00:00
121,Employee121,City68,1994-08-05,F,68,2023-07-17 00:00:00
122,Employee122,City68,1996-10-10,M,68,2023-01-14 00:00:00
123,Employee123,City68,1990-08-18,F,68,2023-12-07 00:00:00
124,Employee124,City68,1998-11-20,F,68,2024-12-02 00:00:00
125,Employee125,City16,1983-08-09,M,16,2018-11-10 00:00:00
126,Employee126,City16,1993-10-18,M,16,2020-02-01 00:00:00
127,Employee127,City16,1997-03-27,M,16,2017-01-31 00:00:00
128,Employee128,City16,1983-10-05,M,16,2023-10-02 00:00:00
129,Employee129,City16,1991-09-23,F,16,2023-01-22 00:00:00
130,Employee130,City69,1994-05-30,M,69,2020-03-23 00:00:00
131,Employee131,City69,1987-09-24,F,69,2015-08-24 00:00:00
132,Employee132,City69,1992-06-06,F,69,2023-02-28 00:00:00
133,Employee133,City69,1999-04-11,M,69,2020-11-02 00:00:00
134,Employee134,City69,2000-08-29,F,69,2022-10-20 00:00:00
135,Employee135,City89,1986-09-21,M,89,2021-03-19 00:00:00
136,Employee136,City89,1992-01-21,M,89,2019-07-18 00:00:00
137,Employee137,City89,1988-02-21,M,89,2022-03-23 00:00:00
138,Employee138,City89,1989-01-30,F,89,2024-11-01 00:00:00
139,Employee139,City89,1985-11-13,F,89,2015-07-26 00:00:00
140,Employee140,City10,1996-12-13,F,10,2021-04-29 00:00:00
141,Employee141,City10,1989-08-14,M,10,2022-10-15 00:00:00
142,Employee142,City10,1984-06-28,M,10,2017-09-17 00:00:00
143,Employee143,City10,1989-03-10,M,10,2022-11-13 00:00:00
144,Employee144,City10,1986-04-20,F,10,2019-06-23 00:00:00
145,Employee145,City40,1998-06-25,F,40,2020-06-29 00:00:00
146,Employee146,City40,1982-07-24,M,40,2020-11-27 00:00:00
147,Employee147,City40,1990-01-03,F,40,2018-12-29 00:00:00
148,Employee148,City40,1997-11-27,M,40,2023-01-08 00:00:00
149,Employee149,City40,1997-11-05,M,40,2019-05-07 00:00:00
150,Employee150,City12,1992-11-07,F,12,2023-01-13 00:00:00
151,Employee151,City12,1987-04-14,F,12,2016-06-23 00:00:00
152,Employee152,City12,1999-12-28,M,12,2016-05-21 00:00:00
153,Employee153,City12,1994-11-23,M,12,2016-10-04 00:00:00
154,Employee154,City46,1991-11-20,F,46,2017-01-06 00:00:00
155,Employee155,City46,1999-01-14,M,46,2016-01-07 00:00:00
156,Employee156,City46,1994-04-20,F,46,2015-09-01 00:00:00
157,Employee157,City46,1986-08-15,M,46,2024-09-14 00:00:00
158,Employee158,City46,1990-06-13,F,46,2021-10-23 00:00:00
159,Employee159,City56,1994-01-05,M,56,2017-10-06 00:00:00
160,Employee160,City56,1991-11-10,M,56,2021-12-20 00:00:00
161,Employee161,City56,1985-06-24,M,56,2024-09-02 00:00:00
162,Employee162,City56,1985-04-29,M,56,2018-06-24 00:00:00
163,Employee163,City56,1984-10-09,F,56,2020-08-11 00:00:00
164,Employee164,City29,1992-11-20,F,29,2019-11-27 00:00:00
165,Employee165,City29,1989-05-07,F,29,2015-05-20 00:00:00
166,Employee166,City29,1994-12-27,F,29,2022-11-27 00:00:00
167,Employee167,City29,1989-06-21,M,29,2021-09-25 00:00:00
168,Employee168,City29,1984-11-05,M,29,2016-06-29 00:00:00
169,Employee169,City73,1985-07-03,F,73,2015-02-07 00:00:00
170,Employee170,City73,1984-04-18,F,73,2024-01-12 00:00:00
171,Employee171,City73,1983-10-04,M,73,2022-11-09 00:00:00
172,Employee172,City73,1995-07-20,M,73,2019-04-08 00:00:00
173,Employee173,City73,1999-12-15,F,73,2017-12-31 00:00:00
174,Employee174,City71,1989-09-16,M,71,2020-02-12 00:00:00
175,Employee175,City71,1983-05-29,M,71,2019-08-08 00:00:00
176,Employee176,City71,1996-01-10,M,71,2020-04-20 00:00:00
177,Employee177,City71,1996-08-26,F,71,2015-04-08 00:00:00
178,Employee178,City71,1983-07-17,M,71,2016-08-19 00:00:00
179,Employee179,City6,1988-08-27,M,6,2019-01-30 00:00:00
180,Employee180,City6,1995-03-11,F,6,2018-07-11 00:00:00
181,Employee181,City6,1998-06-06,M,6,2021-01-04 00:00:00
182,Employee182,City6,1994-10-14,F,6,2015-02-09 00:00:00
183,Employee183,City6,1988-10-15,F,6,2019-06-05 00:00:00
184,Employee184,City45,1998-03-09,M,45,2021-11-24 00:00:00
185,Employee185,City45,1999-03-01,F,45,2020-11-15 00:00:00
186,Employee186,City45,1993-12-30,F,45,2017-05-07 00:00:00
187,Employee187,City45,1998-11-04,M,45,2015-04-09 00:00:00
188,Employee188,City45,1981-10-25,M,45,2021-03-04 00:00:00
189,Employee189,City50,1995-04-01,M,50,2018-01-26 00:00:00
190,Employee190,City50,1993-04-15,F,50,2017-09-06 00:00:00
191,Employee191,City50,1999-02-01,M,50,2021-02-16 00:00:00
192,Employee192,City50,1980-03-22,F,50,2023-05-21 00:00:00
193,Employee193,City50,1995-11-10,F,50,2016-01-08 00:00:00
194,Employee194,City36,1995-06-22,F,36,2016-03-19 00:00:00
195,Employee195,City36,1996-04-18,F,36,2020-10-09 00:00:00
196,Employee196,City36,2000-03-14,F,36,2019-04-09 00:00:00
197,Employee197,City36,1998-10-16,M,36,2023-07-20 00:00:00
198,Employee198,City36,1983-01-08,F,36,2017-05-19 00:00:00
199,Employee199,City17,1982-05-26,F,17,2020-03-06 00:00:00
200,Employee200,City17,1989-01-11,F,17,2022-05-30 00:00:00
201,Employee201,City17,1987-12-02,F,17,2020-10-05 00:00:00
202,Employee202,City17,2000-04-24,M,17,2020-04-21 00:00:00
203,Employee203,City17,1999-04-11,F,17,2024-12-20 00:00:00
204,Employee204,City48,1980-08-02,M,48,2024-06-21 00:00:00
205,Employee205,City48,1989-02-27,M,48,2019-10-10 00:00:00
206,Employee206,City48,1989-03-17,F,48,2017-03-03 00:00:00
207,Employee207,City48,1989-07-24,M,48,2016-09-11 00:00:00
208,Employee208,City48,1989-01-13,F,48,2019-08-22 00:00:00
209,Employee209,City35,1997-12-03,F,35,2017-06-02 00:00:00
210,Employee210,City35,1991-10-06,M,35,2016-08-23 00:00:00
211,Employee211,City35,1988-05-27,F,35,2024-02-28 00:00:00
212,Employee212,City35,1988-03-02,M,35,2023-12-03 00:00:00
213,Employee213,City35,1980-07-02,F,35,2023-12-13 00:00:00
214,Employee214,City8,1996-12-21,F,8,2021-05-11 00:00:00
215,Employee215,City8,1992-07-23,F,8,2017-03-18 00:00:00
216,Employee216,City8,1993-01-18,M,8,2015-08-10 00:00:00
217,Employee217,City8,1994-05-04,F,8,2024-08-10 00:00:00
218,Employee218,City8,1992-04-02,F,8,2024-04-18 00:00:00
219,Employee219,City92,1995-12-11,F,92,2020-03-28 00:00:00
220,Employee220,City92,1989-06-01,M,92,2020-03-27 00:00:00
221,Employee221,City92,1995-03-17,F,92,2017-04-12 00:00:00
222,Employee222,City92,1980-12-25,F,92,2018-04-27 00:00:00
223,Employee223,City28,1990-01-29,F,28,2016-12-11 00:00:00
224,Employee224,City28,1996-02-18,M,28,2023-05-30 00:00:00
225,Employee225,City28,2000-03-24,M,28,2023-06-13 00:00:00
226,Employee226,City28,1996-10-19,M,28,2024-04-23 00:00:00
227,Employee227,City20,1982-09-27,M,20,2024-11-05 00:00:00
228,Employee228,City20,1997-07-02,F,20,2021-11-21 00:00:00
229,Employee229,City20,1982-03-04,M,20,2020-07-06 00:00:00
230,Employee230,City20,1982-06-06,M,20,2016-10-09 00:00:00
231,Employee231,City20,1991-04-06,M,20,2018-03-24 00:00:00
232,Employee232,City79,1990-11-15,M,79,2021-09-04 00:00:00
233,Employee233,City79,1985-02-23,M,79,2024-07-22 00:00:00
234,Employee234,City79,1981-05-28,F,79,2023-06-11 00:00:00
235,Employee235,City79,1997-06-09,M,79,2024-09-23 00:00:00
236,Employee236,City79,1995-01-08,F,79,2019-12-15 00:00:00
237,Employee237,City26,1996-10-05,F,26,2020-01-28 00:00:00
238,Employee238,City26,1981-10-31,F,26,2018-07-22 00:00:00
239,Employee239,City26,1986-08-05,M,26,2017-09-08 00:00:00
240,Employee240,City26,1980-02-21,M,26,2020-12-04 00:00:00
241,Employee241,City26,1992-11-05,M,26,2024-11-04 00:00:00
242,Employee242,City90,1993-03-23,F,90,2022-11-15 00:00:00
243,Employee243,City90,1999-05-23,M,90,2021-08-12 00:00:00
244,Employee244,City90,1994-10-18,F,90,2020-12-08 00:00:00
245,Employee245,City90,1985-06-09,M,90,2018-07-19 00:00:00
246,Employee246,City90,1983-07-06,F,90,2018-07-15 00:00:00
247,Employee247,City14,1993-05-26,M,14,2019-12-08 00:00:00
248,Employee248,City14,2000-02-24,F,14,2016-06-22 00:00:00
249,Employee249,City14,1980-05-14,F,14,2019-07-11 00:00:00
250,Employee250,City14,1986-07-04,F,14,2020-08-11 00:00:00
