product_id,mean_sales,std_dev,coeff_variation,autocorr_lag1,seasonal_strength,peakiness_norm,spike_fraction,zero_fraction,trend_slope,r_square,entropy_norm
1,3290.8888888888887,598.0,0.1817138226754001,0.6005930576206714,0.9535026383747655,0.072590991964346,0.05555555555555555,0.0,-25.589267285861713,0.05211249251230842,0.9944420630323101
2,1503.2777777777778,253.0,0.16829890239846262,0.5753306048179856,0.9999957928631816,0.07136257807014303,0.05555555555555555,0.0,-14.849329205366356,0.09832815205405804,0.9952946581664369
3,3188.8333333333335,542.0,0.16996811791146185,0.6179677295527898,0.9598671652432113,0.07068067387933588,0.1111111111111111,0.0,-23.402476780185758,0.05311702293952277,0.9952144224089127
4,141.83333333333334,71.0,0.5005875440658049,0.033247184168702475,0.6843664390377475,0.10340775558166862,0.05555555555555555,0.0,-5.1382868937048505,0.14869563706390734,0.9547548377497888
5,3658.722222222222,510.0,0.13939292709962495,0.46408034286888256,0.8335424764788713,0.07030384013848186,0.1111111111111111,0.0,-16.583075335397318,0.030104961088933065,0.9968276419097385
6,270.94444444444446,121.0,0.44658601599343856,0.008279062077383409,1.0,0.1047775271683412,0.058823529411764705,0.05555555555555555,-6.931372549019607,0.08068767310716524,0.9422604517156852
7,287.6666666666667,145.0,0.5040556199304751,-0.0023853126346434525,1.0,0.10795674005407493,0.1111111111111111,0.0,6.359133126934985,0.05497423964513066,0.9565307949462886
8,1509.8333333333333,255.0,0.168892813776355,0.6031034775098822,0.9899922415493685,0.07005924127019171,0.1111111111111111,0.0,-13.458204334365327,0.07947438160107513,0.995232324491401
9,134.11111111111111,64.0,0.4772162386081193,-0.011100039199583219,0.44376970840200647,0.10314830157415078,0.1111111111111111,0.0,-1.1640866873065017,0.00952760134792644,0.9605041886817571
10,3228.6666666666665,594.0,0.18397687383852984,0.47171498811085605,0.9961084825823028,0.07405877899373667,0.1111111111111111,0.0,-24.80701754385965,0.04967199332337676,0.99434917407407
11,3550.0,3487.0,0.9822535211267606,0.45518305250651586,0.24495393635887464,0.2252582159624413,0.1111111111111111,0.0,-411.8493292053664,0.39752045603316133,0.8826056788199976
12,843.1666666666666,870.0,1.0318244712393754,-0.21087910698328044,0.695458506630682,0.22257363115240167,0.1111111111111111,0.0,40.364293085655305,0.061362252604565605,0.8719005849346105
13,58.611111111111114,40.0,0.6824644549763033,0.04984695501009576,0.6160747389788137,0.18862559241706162,0.0625,0.1111111111111111,-3.2573529411764706,0.13504761063259857,0.9049728604660469
14,5717.0,1007.0,0.17614133286688824,0.4694542122066565,0.9512679352171151,0.07286261248129361,0.1111111111111111,0.0,-52.437564499484004,0.07735027011475198,0.9948510675717496
15,4500.444444444444,758.0,0.16842780959905196,0.43761683502052734,0.9144990469470294,0.07351125814734347,0.05555555555555555,0.0,-55.47574819401445,0.15265814065145283,0.9951719133169162
16,2121.6666666666665,909.0,0.42843676355066773,0.7768491443400009,0.986615131339425,0.08656716417910448,0.0,0.0,1.6119711042311657,8.966121459037708e-05,0.9668663425010499
17,3331.3888888888887,559.0,0.16779788209789046,0.6143220149690581,0.9986787132201532,0.07115817560243476,0.1111111111111111,0.0,-27.569659442724458,0.0693070916552627,0.9953250705567166
18,145.27777777777777,63.0,0.43365200764818357,-0.17478853303541764,0.841801026100478,0.124282982791587,0.058823529411764705,0.05555555555555555,-1.321078431372549,0.010768172989962788,0.952896438754838
19,2987.6666666666665,533.0,0.17840008925582954,0.5936871955630222,1.0,0.07082821971810034,0.05555555555555555,0.0,-29.302373581011352,0.08604829097850399,0.9946664467128103
20,6142.166666666667,2180.0,0.35492361544514694,0.8872461398201453,0.9995603681134002,0.08401848786620718,0.0,0.0,342.22600619195043,0.7022281246292981,0.9790397397622146
21,2200.1111111111113,414.0,0.1881723145295692,0.6230833103186746,0.9248808454226605,0.07464269481339326,0.05555555555555555,0.0,-16.643962848297214,0.046069872745939267,0.9941810528702096
22,5539.555555555556,2473.0,0.4464257060333761,0.7667410898216277,0.999639854314598,0.08757220795892169,0.0,0.0,-5.333333333333342,0.00013251570725990536,0.9634286950435923
23,3197.1666666666665,607.0,0.18985560131366314,0.6259845710572082,0.997889275137044,0.07353733340283931,0.1111111111111111,0.0,-33.13415892672859,0.08484614958593936,0.9940351899047978
24,148.44444444444446,68.0,0.4580838323353293,-0.24273229801250723,0.6650877274370288,0.11601796407185629,0.058823529411764705,0.05555555555555555,1.2377450980392162,0.008135167324306553,0.9453931536337634
25,3335.9444444444443,596.0,0.17866004962779156,0.5793098132940948,0.9971842849532967,0.0742251902676237,0.05555555555555555,0.0,-40.834881320949435,0.13384177285434307,0.9946935911056705
26,1103.7777777777778,1247.0,1.1297563921884437,0.06114158280111445,-0.15422490255163224,0.2197503523253473,0.1111111111111111,0.0,17.857585139318886,0.005848482995040933,0.8408145200066325
27,4959.166666666667,2291.0,0.46197277768442274,0.7787517372238415,1.0,0.08584551615974906,0.0,0.0,-2.5768833849329345,3.6067511305602464e-05,0.9610379576310161
28,6951.0,2429.0,0.34944612286002014,0.8903036755817918,0.9481529376016222,0.0849837753161016,0.05555555555555555,0.0,373.89886480908154,0.6751450365854936,0.979735163968494
29,2117.277777777778,1694.0,0.8000839652593739,-0.48514231579255696,-0.0695726288856433,0.13048726089580437,0.16666666666666666,0.0,-30.24458204334365,0.00908481174632047,0.9047945797623587
30,6399.277777777777,1057.0,0.16517488952746404,0.6061448334301746,1.0,0.07292489603861547,0.05555555555555555,0.0,-54.13931888544892,0.07473038115490094,0.9954710201162449
31,2152.6111111111113,927.0,0.4306397914677265,0.7685329184968784,1.0,0.089323044364725,0.0,0.0,-2.411764705882353,0.00019310264858767674,0.9672580727793335
32,5301.111111111111,966.0,0.1822259484384825,0.562815814795218,1.0,0.0721861245022008,0.1111111111111111,0.0,-48.73477812177502,0.0726013321669543,0.9944781681200208
33,4945.055555555556,2229.0,0.4507532776847805,0.7616330865979118,0.9841985078871411,0.08892159396029704,0.0,0.0,-2.6676986584107416,4.081340244539838e-05,0.9632788394864807
34,1005.0,177.0,0.1761194029850746,0.5967952824145597,0.9826911539785484,0.07213930348258707,0.1111111111111111,0.0,-8.914344685242519,0.07253674723155062,0.994956514950759
35,1125.1666666666667,510.0,0.4532661827877351,0.7925031135781515,1.0,0.0915913691798746,0.0,0.0,-3.3034055727554215,0.0011969921631435213,0.9637581662500734
36,1298.5,228.0,0.17558721601848287,0.6590911269779595,1.0,0.0721345141830317,0.1111111111111111,0.0,-13.763673890608876,0.10352081918299924,0.9949150998189159
37,1101.5,636.0,0.5773944620971403,-0.17701387707168034,1.0,0.158269027084279,0.1111111111111111,0.0,-25.509803921568626,0.04583676896171653,0.9579755869107838
38,4671.333333333333,851.0,0.1821749678892536,0.5708373600686358,0.9920634785636879,0.07306978735550164,0.1111111111111111,0.0,-42.241486068111456,0.07021240537886937,0.9945098898976477
39,181.16666666666666,78.0,0.43054277828886844,0.35193780658152873,1.0,0.114688745783502,0.05555555555555555,0.0,-2.417956656346749,0.02727767212428407,0.9697431881352916
40,3342.1111111111113,585.0,0.17503906379866352,0.5291745961940396,1.0,0.0724425679045181,0.1111111111111111,0.0,-27.38699690402477,0.06239467636753721,0.9948715433844901
41,2862.1666666666665,1283.0,0.4482618063238805,0.7770933365729668,0.9940617728577748,0.08858867602243832,0.0,0.0,-9.93704850361197,0.0017085303802075638,0.9636951667514642
42,3229.222222222222,1448.0,0.4484051887279359,0.7853564290511406,1.0,0.08992533461789905,0.0,0.0,-8.090815273477812,0.0008895751647833688,0.9631774997627401
43,4351.722222222223,1957.0,0.44970701254930995,0.7600106609428829,0.993699182357203,0.08852178575532037,0.0,0.0,4.958720330237359,0.0001829125681025219,0.963506263937595
44,50.44444444444444,20.0,0.39647577092511016,0.4196972394708924,0.7137977074765647,0.10462555066079295,0.1111111111111111,0.0,1.3353973168214655,0.12979933524489876,0.9758398483342453
45,130.61111111111111,56.0,0.4287537218205019,0.08387265516255976,0.9870511269133005,0.12292641429179073,0.11764705882352941,0.05555555555555555,0.44362745098039275,0.001518883278402996,0.9540409573217247
46,3186.5,531.0,0.16664051467126942,0.5600542225144844,0.9952539825007375,0.07169133671565807,0.1111111111111111,0.0,-28.576883384932923,0.08246683550841842,0.9954179338720109
47,2745.6111111111113,458.0,0.16681167924566478,0.6077611362736636,1.0,0.06857408793832581,0.0,0.0,-24.11455108359133,0.07904522986673215,0.9952909727177628
48,2069.8333333333335,373.0,0.18020774619534582,0.6322502065028812,0.9540159837377614,0.07421424161902461,0.1111111111111111,0.0,-11.66047471620227,0.027918246222475872,0.9947507560471687
49,1317.5555555555557,592.0,0.44931691684938435,0.7423412756935124,0.9995521886495803,0.09655928487097318,0.05555555555555555,0.0,-13.337461300309599,0.014476663014219932,0.9637601203732287
50,5829.722222222223,1086.0,0.18628674893981986,0.5872880188459104,1.0,0.0731691046838519,0.05555555555555555,0.0,-50.50877192982456,0.06160050959101469,0.9942029517989722
51,1598.7222222222222,291.0,0.1820203634847274,0.5089065090873709,1.0,0.07429544427841679,0.1111111111111111,0.0,-17.728586171310628,0.1059405068829161,0.9944863309079904
52,638.3333333333334,486.0,0.7613577023498694,-0.06614752289089583,0.9639992218825191,0.18798955613577023,0.1111111111111111,0.0,-11.356037151702788,0.01554650756330201,0.9317961223256221
53,1000.7777777777778,175.0,0.1748639946708116,0.46146638824810493,0.9269446619814897,0.07238814255578994,0.1111111111111111,0.0,-6.5283797729618165,0.03958519522722178,0.9949203591458563
54,1054.2222222222222,481.0,0.4562605396290051,0.7814229117675512,1.0,0.09332841483979763,0.05555555555555555,0.0,-2.1547987616099067,0.0005708816229475978,0.9622824267457681
55,1233.7777777777778,545.0,0.4417327089337176,0.7243428431860761,0.9986800280257488,0.08771613832853026,0.0,0.0,11.166150670794634,0.011965491718283358,0.9648013294846948
56,1558.6666666666667,285.0,0.18284858853721128,0.562778878763693,0.9715506266862307,0.07228400342172797,0.05555555555555555,0.0,-14.716202270381837,0.0762246046532639,0.9944100733699811
57,4835.888888888889,2262.0,0.4677526824897181,0.7682190634272026,0.9968413907887209,0.09150334305999126,0.0,0.0,0.5655314757481884,1.7811897505362973e-06,0.9602497121192821
58,2447.3333333333335,1846.0,0.7542903840915282,-0.0358309144420318,0.15744976641559416,0.16471442840279668,0.1111111111111111,0.0,-119.81630546955623,0.12000018682593107,0.9251043300173788
59,5418.277777777777,2482.0,0.4580791354366394,0.767464021257858,0.9967310326820743,0.08908119636210768,0.0,0.0,2.362229102167183,2.5813703333199883e-05,0.9619183959871083
60,2574.1666666666665,507.0,0.19695694399482033,0.6122266698247126,0.999229950506038,0.07521312183015,0.05555555555555555,0.0,-28.04437564499484,0.08727191307376428,0.993448364110125
61,3499.3333333333335,647.0,0.18489236044960944,0.6006578123563122,1.0,0.07202959293833747,0.05555555555555555,0.0,-35.172342621259034,0.08430748025684395,0.9942767875802796
62,2195.0,405.0,0.1845102505694761,0.6446305812059053,0.9879860232612289,0.07453809162237408,0.16666666666666666,0.0,-16.505675954592366,0.04730523456202057,0.9945013458769361
63,2616.222222222222,409.0,0.15633228573855432,0.6537215758791772,0.98799081078202,0.06990571646988873,0.05555555555555555,0.0,-21.223942208462333,0.07671180977145724,0.9959389964751791
64,3335.5,595.0,0.1783840503672613,0.6339519972170664,0.9992496237684506,0.07105381502023685,0.1111111111111111,0.0,-30.839009287925695,0.0764744203501922,0.9947033545030408
65,116.38888888888889,70.0,0.6014319809069213,-0.20671054660866467,0.7684047226601023,0.12315035799522674,0.11764705882352941,0.05555555555555555,3.100490196078431,0.047841783874515244,0.9240877864440191
66,2561.777777777778,471.0,0.18385669673837612,0.598152809959817,1.0,0.07666117279666898,0.1111111111111111,0.0,-12.990712074303405,0.021710982765352358,0.9945279240756926
67,217.11111111111111,100.0,0.46059365404298874,-0.19670314448985915,0.4644828422787163,0.09723643807574207,0.16666666666666666,0.0,-2.140350877192983,0.01299713505669172,0.9626853756049332
68,2842.3333333333335,532.0,0.18717016535710096,0.579174822023933,0.9977916875376769,0.07140064891911965,0.05555555555555555,0.0,-23.628482972136226,0.05616048242678565,0.9940530838033894
69,2519.3333333333335,1869.0,0.7418629267001852,-0.11663611866194079,0.8230410565949782,0.15994090147305284,0.1111111111111111,0.0,101.59339525283798,0.08417158682087501,0.9307207984665015
70,893.8333333333334,409.0,0.45757971284728693,0.7651391427077915,1.0,0.09229908633227671,0.0,0.0,-0.10010319917440696,1.7051029092462154e-06,0.9619881030970651
71,789.8888888888889,350.0,0.4431002954001969,0.7714226929123755,0.9971050193373407,0.08883105922070615,0.0,0.0,1.7832817337461329,0.0007416556914227881,0.9644891406900757
72,4746.055555555556,781.0,0.16455770288777816,0.5707669534217649,1.0,0.07008158821945709,0.05555555555555555,0.0,-42.3952528379773,0.08393333634515945,0.9954569596986023
73,4044.277777777778,3994.0,0.9875681690179541,-0.2923193692621616,-0.38615750190717923,0.16154511861752544,0.16666666666666666,0.0,-257.2703818369453,0.1182402354670294,0.8635127368148797
74,835.7222222222222,372.0,0.4451239779299342,0.7517952380337568,0.9716315477143024,0.08974273748587383,0.0,0.0,-0.913312693498452,0.00017149540797248698,0.9640257913642005
75,3163.5,551.0,0.17417417417417416,0.5981269694658198,1.0,0.0720018263877913,0.1111111111111111,0.0,-26.68214654282766,0.06689039182980898,0.9949656057175675
76,2179.3888888888887,408.0,0.18720844273369192,0.3978822213559703,0.9333324258882038,0.07532692650845038,0.1111111111111111,0.0,-23.8875128998968,0.09754288892547998,0.9941164894189607
77,172.38888888888889,97.0,0.5626812761843377,0.1601427715336033,-0.188225272309539,0.11311633902674831,0.05555555555555555,0.0,-7.0887512899896805,0.15088172033887315,0.9438057032589559
78,5270.0,864.0,0.16394686907020872,0.6535946960141271,0.9849178271758522,0.07084123972169513,0.05555555555555555,0.0,-43.10835913312694,0.07097953368239855,0.995521688562752
79,1479.0555555555557,673.0,0.4550200954062277,0.7420263080178428,0.9728227630057933,0.09183788453592757,0.0,0.0,2.9195046439628483,0.0005356822585409639,0.9634349003960907
80,2239.1666666666665,1044.0,0.46624488276888726,0.7470727930197439,0.938296555592107,0.09177521399330107,0.0,0.0,-6.853457172342614,0.0012286190088281544,0.9614185245044232
81,1527.1666666666667,276.0,0.18072683618902105,0.6403524403079557,1.0,0.07384772090654444,0.05555555555555555,0.0,-11.52218782249742,0.049547442343618846,0.9946060828198859
82,6633.222222222223,2324.0,0.35035762743094523,0.9003740924854263,1.0,0.08283220824469421,0.0,0.0,362.75335397316826,0.6943069950882476,0.9795676784886489
83,3120.222222222222,574.0,0.18396125632077487,0.5260534532896801,0.97131619000269,0.07357025852859483,0.1111111111111111,0.0,-32.73684210526316,0.09259471695971151,0.9943923004395383
84,275.77777777777777,150.0,0.5439161966156326,0.16860967230721619,0.9940476631418884,0.10414987912973409,0.16666666666666666,0.0,-5.343653250773993,0.03611470867086372,0.9489953440607399
85,1166.9444444444443,527.0,0.45160676029516783,0.7525410161578471,0.9908268588421735,0.09174006189002619,0.0,0.0,-2.74406604747162,0.0007725324558129601,0.9628619752119226
86,140.61111111111111,49.0,0.34847886210983803,0.17427372280745618,0.5936378760209207,0.09205847491110233,0.05555555555555555,0.0,-0.18472652218782218,0.00040581519414254385,0.9777802334522433
87,3303.6111111111113,572.0,0.17314386613974606,0.5432630992199293,1.0,0.07427898763978812,0.1111111111111111,0.0,-26.940144478844168,0.0632751747956232,0.9950689117412648
88,161.11111111111111,61.0,0.3786206896551724,0.15082010417958577,0.8459182132261308,0.10793103448275862,0.0625,0.1111111111111111,4.5852941176470585,0.12665391345673827,0.9404953395087683
89,1212.8333333333333,225.0,0.18551600934451012,0.5215175213279475,1.0,0.07251156612157024,0.1111111111111111,0.0,-12.795665634674922,0.09240106382921372,0.9942127636137423
90,120.38888888888889,74.0,0.6146746654360867,-0.020519430421768292,0.8547787072266877,0.1324411628980157,0.11764705882352941,0.05555555555555555,-0.7401960784313729,0.002396220863022051,0.9269001001850405
91,3635.0555555555557,4475.0,1.231067842459996,-0.09779951134106576,0.5403804659572141,0.2284238357964879,0.16666666666666666,0.0,-295.15686274509807,0.12397764888186195,0.8273495580284866
92,1586.888888888889,739.0,0.465691079680717,0.7667054107401814,0.9722237849567696,0.08969332026326846,0.0,0.0,1.8121775025799773,0.0001715855144674937,0.9604473561507822
93,1405.3333333333333,231.0,0.16437381404174575,0.558097923017974,0.9998416105561048,0.07115749525616698,0.1111111111111111,0.0,-12.132094943240455,0.0789224747850401,0.9954952410194875
94,3225.1666666666665,1444.0,0.44772879954524314,0.7608283160733337,1.0,0.08642102905965239,0.0,0.0,3.7347781217750256,0.00019073207093392265,0.9636210714572524
95,2834.777777777778,495.0,0.1746168619919257,0.5484010779197676,1.0,0.07308039038921334,0.1111111111111111,0.0,-26.922600619195048,0.08444835338270607,0.9949587996961338
96,2315.777777777778,413.0,0.17834180980712022,0.5500554762138649,0.9464495690722723,0.07405719220804145,0.05555555555555555,0.0,-14.652218782249742,0.03584716210306633,0.9946106328795945
97,3311.222222222222,1451.0,0.43820677158484617,0.7693357952067051,0.997449285117887,0.08910774806214557,0.0,0.0,-1.3519091847265217,2.473344700697144e-05,0.9656556482485232
98,2526.6666666666665,475.0,0.18799472295514513,0.6079557211919109,1.0,0.07438434476693052,0.1111111111111111,0.0,-19.43859649122807,0.047645156373948165,0.9941966790850176
99,6018.333333333333,1072.0,0.17812240376626973,0.5921766693512552,1.0,0.07155912489615066,0.1111111111111111,0.0,-53.58513931888545,0.07125249118865573,0.9947327731580639
100,271.1666666666667,167.0,0.615857406269207,-0.005301508537621387,0.9981296859759712,0.140340094242983,0.11764705882352941,0.05555555555555555,4.61764705882353,0.0185843923976573,0.9264480481510601
101,3159.0,3568.0,1.129471351693574,0.060229985602025374,0.9743723130598851,0.23859519538531884,0.1111111111111111,0.0,9.651186790505676,0.00020850141473053004,0.8561457167888297
102,2317.777777777778,450.0,0.1941514860977948,0.49727052171051256,1.0,0.07775647171620326,0.1111111111111111,0.0,-28.584107327141382,0.11500818837123977,0.9938445229088498
103,128.05555555555554,78.0,0.6091106290672452,0.3771098952202727,1.0,0.1527114967462039,0.058823529411764705,0.05555555555555555,1.1691176470588238,0.005498062415618523,0.9295108506573518
104,114.77777777777777,43.0,0.37463697967086157,0.18070188205444576,0.846601363831367,0.10842207163601161,0.125,0.1111111111111111,-1.0823529411764705,0.013843644628948226,0.9411603666835457
105,718.6666666666666,324.0,0.450834879406308,0.7315157397678469,0.9931403439690315,0.08557513914656772,0.0,0.0,0.8895768833849347,0.00021428519189091878,0.9616220956206258
106,5323.888888888889,890.0,0.1671710320358969,0.5546168246148306,0.9739016326689756,0.07400605238443077,0.05555555555555555,0.0,-41.88028895768834,0.06306751079388515,0.9954221239519592
107,3014.5,1408.0,0.467075800298557,0.7628620489114003,1.0,0.0934741342769208,0.05555555555555555,0.0,7.2518059855521155,0.0007562678792365704,0.9605438240264097
108,909.1111111111111,852.0,0.9371791737961379,-0.27068426686489283,0.26860333723480534,0.16670740650207774,0.16666666666666666,0.0,-6.352941176470587,0.0015843539643423186,0.8802024598160805
109,2172.6666666666665,398.0,0.18318502608162013,0.5492750104309247,0.9978951568919536,0.07215914902321775,0.05555555555555555,0.0,-17.96078431372549,0.05814419840451093,0.994487866269879
110,3722.8333333333335,1723.0,0.4628195370909253,0.7675454292648974,0.9465452142771944,0.09188043754010536,0.0,0.0,-13.053663570691437,0.0016359312945800144,0.9611425424235043
111,119.33333333333333,55.0,0.4608938547486034,-0.5004519507697408,-0.46272485440332467,0.11452513966480447,0.0625,0.1111111111111111,0.4764705882352941,0.0015993252656096317,0.9255455740947643
112,271.05555555555554,121.0,0.4464029514244722,0.023647636464106975,0.5617508686899548,0.09448657511785202,0.05555555555555555,0.0,-5.912280701754386,0.06818723545967602,0.9664243839059904
113,740.7222222222222,333.0,0.4495612390309758,0.7857136312084563,0.9902992832509014,0.08707717692942324,0.0,0.0,0.39525283797729616,4.021369156564757e-05,0.9635037452713965
114,628.0,481.0,0.7659235668789809,0.23274137622768318,0.6862636986734273,0.15799716914366596,0.16666666666666666,0.0,-44.36738906088752,0.24290601356617303,0.9255061627507761
115,2518.6666666666665,462.0,0.18343038644785603,0.5458705994174611,0.9815310601819579,0.07164284453855656,0.1111111111111111,0.0,-23.59339525283798,0.07432593126066292,0.9943109615597967
116,796.9444444444445,344.0,0.4316486580690136,0.7413427103894523,0.9953618358014631,0.08895085395608227,0.0,0.0,-0.6222910216718268,9.30584155749307e-05,0.9667485469109087
117,1499.2222222222222,236.0,0.15741495590306084,0.45154150459967374,0.9958312043156845,0.06885051508189431,0.05555555555555555,0.0,-8.761609907120743,0.03914524207371443,0.9957891802150179
118,4426.555555555556,3553.0,0.802655689148824,0.2913351046195242,0.7641399545458968,0.14527222068827028,0.16666666666666666,0.0,455.51289989680083,0.4684492392302403,0.9040798807370621
119,1578.1666666666667,271.0,0.17171823846235082,0.6152786215542494,1.0,0.07015876368500722,0.05555555555555555,0.0,-12.552115583075336,0.06114091912665643,0.9950725914298701
120,1468.611111111111,1102.0,0.7503688292037072,-0.07618489504581707,0.5478097281790512,0.17552487232835257,0.05555555555555555,0.0,-46.5686274509804,0.050873766157137706,0.9262588982164245
121,1042.0,196.0,0.18809980806142035,0.5914543395740058,0.9621578862316289,0.07741522712731926,0.05555555555555555,0.0,-8.800825593395253,0.057578750510532274,0.9942515615843233
122,1304.4444444444443,233.0,0.17862010221465077,0.6391162537218495,1.0,0.07086882453151619,0.05555555555555555,0.0,-12.54076367389061,0.08253483294347748,0.9946681820295982
123,2138.1111111111113,386.0,0.18053318089694953,0.5239205148647162,1.0,0.07350724938938835,0.1111111111111111,0.0,-21.83075335397317,0.09129891309614005,0.9945731860839335
124,5284.0,903.0,0.17089326267978805,0.5567082669681749,1.0,0.07326099756077047,0.1111111111111111,0.0,-45.50877192982456,0.07242888123253484,0.9951882960623376
125,4901.222222222223,815.0,0.1662850536147446,0.5798184344383541,0.9996245609691466,0.07203418648409694,0.1111111111111111,0.0,-45.155830753353975,0.08751166338796143,0.9954212417899013
126,2133.722222222222,1993.0,0.9340484807456975,-0.11014471591551442,0.4883893114165033,0.17811857213528784,0.05555555555555555,0.0,-106.22600619195049,0.08096940013811132,0.873962780188606
127,1024.388888888889,478.0,0.4666196648408265,0.7629273542959889,0.9838156555986707,0.09295514941157329,0.0,0.0,2.3622291021671806,0.0006951304898924057,0.9607741577096355
128,1191.2777777777778,202.0,0.1695658256773772,0.48656625188021946,0.8701954178219311,0.06990626311616845,0.1111111111111111,0.0,-12.611971104231168,0.11155751449142956,0.9951664963326241
129,2541.1666666666665,1205.0,0.47419164425788685,0.7471283243774965,1.0,0.09116547517544435,0.0,0.0,1.5985552115583146,5.01392177919854e-05,0.9585050231968596
130,2541.0555555555557,1179.0,0.4639804105905245,0.7600194996348721,0.9993744016985792,0.09099455606812568,0.0,0.0,-3.0536635706914317,0.0001913193811266052,0.9605679753046147
131,1589.7222222222222,693.0,0.4359252140485759,0.7877481045337765,0.9872845414057384,0.08610868425650882,0.0,0.0,3.7265221878224963,0.0008240190843575094,0.9660786169684709
132,2324.3888888888887,1599.0,0.6879227514997969,0.07410571481602142,-0.06380074414046555,0.15530963933172398,0.1111111111111111,0.0,42.05675954592364,0.019708240421040968,0.9390697371075506
133,223.94444444444446,121.0,0.5403125775241875,-0.11619645427364611,0.38413987404783845,0.11957330687174399,0.11764705882352941,0.05555555555555555,-4.879901960784313,0.03979151479146056,0.9347201471962878
134,1928.888888888889,1894.0,0.9819124423963134,0.41380145142738795,-1.011850224131857,0.17972350230414746,0.16666666666666666,0.0,-49.7688338493292,0.019674618376397293,0.8704818141058134
135,628.6111111111111,284.0,0.45178965974370305,0.7658031741159324,1.0,0.09094122845779938,0.0,0.0,-2.5459236326109402,0.0022879379429860077,0.963518409783788
136,2699.3888888888887,472.0,0.1748543909115232,0.6224542856052359,1.0,0.07108604828253308,0.1111111111111111,0.0,-20.826625386996902,0.05559842764871931,0.9949379056031893
137,160.0,103.0,0.64375,-0.25752809501014384,0.8894710412564072,0.14270833333333333,0.0625,0.1111111111111111,-10.058823529411764,0.19604490910773115,0.898207581715092
138,2859.3333333333335,2770.0,0.9687572860806715,-0.07926653562337424,0.8151034169321602,0.2196704748581643,0.05555555555555555,0.0,-30.39422084623323,0.0034303328562359484,0.8753147140937971
139,2654.8333333333335,2311.0,0.8704877895662,-0.001690000063347082,0.316307005102032,0.16619582731705276,0.1111111111111111,0.0,154.70691434468526,0.12769157092222652,0.8863481169780211
140,937.1666666666666,869.0,0.9272630268539925,-0.13213120672843334,0.49140375728580055,0.15229118501393088,0.2222222222222222,0.0,-26.824561403508778,0.027151629220881896,0.8821672862133619
141,2409.0,850.0,0.352843503528435,0.8924604122703599,1.0,0.08369078917024123,0.0,0.0,130.67698658410734,0.6737313801068279,0.9790971676418989
142,140.83333333333334,82.0,0.5822485207100592,-0.3449759924907675,0.9070860369902292,0.10887573964497041,0.1111111111111111,0.0,-3.416924664602684,0.049418116062339146,0.9404424261889571
143,1015.6111111111111,413.0,0.40665171489524643,0.7357176498760944,0.9571650733881603,0.08555330671188666,0.0,0.0,0.48606811145510864,3.95515640608549e-05,0.971068381479373
144,1940.888888888889,859.0,0.44258071902908175,0.7548509790616091,0.9941939436020791,0.08758873368445157,0.0,0.0,2.4045407636738907,0.00022318375748010214,0.9646494063281511
145,2906.3333333333335,473.0,0.16274802156210574,0.6374798109428553,0.9852858986791617,0.07233245402760255,0.05555555555555555,0.0,-25.06295149638803,0.08016661855553352,0.9956621293169076
146,3602.5,1549.0,0.4299791811242193,0.7404245774519763,0.9994686702776,0.08854961832061069,0.0,0.0,7.819401444788442,0.0007259260804757554,0.9666743345163311
147,2815.6666666666665,514.0,0.18255001775778384,0.631531502358311,1.0,0.07213606408586876,0.05555555555555555,0.0,-18.829721362229105,0.038275748139196264,0.9944152648647838
148,2312.6666666666665,2437.0,1.0537618910348805,0.09238130850529304,0.974634805478285,0.19679062169693476,0.16666666666666666,0.0,111.69659442724458,0.059847812493556446,0.8540156272712157
149,4872.611111111111,760.0,0.15597386753622858,0.5600433130524477,0.9782186954782606,0.06926471091246993,0.1111111111111111,0.0,-32.7750257997936,0.0529507922793905,0.99596752196166
150,2732.5,509.0,0.18627630375114365,0.49261851010427093,1.0,0.07272542441801362,0.05555555555555555,0.0,-28.756449948400412,0.09084422456854895,0.9941328957576822
151,1316.2777777777778,228.0,0.17321571772253408,0.5656334841943444,1.0,0.07411471742708817,0.05555555555555555,0.0,-17.239422084623325,0.16293849912844566,0.9950150507061462
152,4273.055555555556,751.0,0.1757524540076708,0.5289897939671084,1.0,0.06966131443801599,0.0,0.0,-20.88235294117647,0.02206276035096436,0.994866323252776
153,5882.555555555556,1048.0,0.17815386358914304,0.5650664994019321,0.9651342188033024,0.07294637629148329,0.1111111111111111,0.0,-48.447884416924666,0.06095365211640623,0.9947646752331163
154,3062.8888888888887,523.0,0.1707538271784082,0.5771716987720166,0.9484686710052513,0.07108394398897193,0.1111111111111111,0.0,-25.644994840041278,0.06841030934366873,0.9951509258490415
155,65.38888888888889,45.0,0.6881903143585387,-0.3397945812776394,0.3755450799508072,0.13678844519966016,0.1111111111111111,0.0,-1.4788441692466459,0.03134861358926042,0.9300243030561001
156,3304.722222222222,593.0,0.17944019500714467,0.6014202956922493,0.9950736857484465,0.07190047911238127,0.1111111111111111,0.0,-33.169246646026835,0.08923076933424393,0.9946815657591256
157,1847.111111111111,1780.0,0.9636669874879692,0.21982799601767908,0.08723733591033245,0.2074711260827719,0.16666666666666666,0.0,-130.40660474716202,0.15302021915225988,0.8831320269473638
158,1030.9444444444443,830.0,0.8050870291534192,-0.1525900821901613,0.8307195771881395,0.14037829390526485,0.1111111111111111,0.0,32.952528379772964,0.044881699383108445,0.9028256397774763
159,5221.277777777777,945.0,0.1809901790749391,0.5781016746000087,1.0,0.07282168051668919,0.1111111111111111,0.0,-40.1578947368421,0.05141289159289127,0.9946199256801571
160,1070.9444444444443,203.0,0.18955231623177882,0.6183893762516539,1.0,0.07329978731130363,0.1111111111111111,0.0,-9.549019607843137,0.06287605935536492,0.9940587467581657
161,2385.0,412.0,0.17274633123689728,0.559415306255804,0.9873768342094804,0.06892615886326578,0.0,0.0,-25.058823529411768,0.10518622911001098,0.9948751974451632
162,2100.5555555555557,1974.0,0.9397513885215552,0.02479226772706509,-0.3128269106556538,0.22549590055540863,0.05555555555555555,0.0,-55.822497420020646,0.022789169154276402,0.8897609652237093
163,1288.7777777777778,531.0,0.41201827743771013,0.7770964256684793,0.9690709638254371,0.08586947150616432,0.0,0.0,-2.689370485036118,0.0007307518598139529,0.9703194904937289
164,2908.222222222222,1263.0,0.4342859326048751,0.7709218050797084,1.0,0.08707113929854053,0.0,0.0,-3.2879256965944235,0.00019329115862338654,0.965786380813155
165,6558.388888888889,1165.0,0.17763508991876392,0.5994205942829622,0.9335268713541294,0.07268045166919382,0.05555555555555555,0.0,-61.11764705882353,0.07846291818923452,0.99471963731838
166,50.333333333333336,26.0,0.5165562913907285,0.2702290378823903,0.4583954645836896,0.11920529801324503,0.05555555555555555,0.0,-0.9969040247678022,0.04293015727200862,0.9542498488401174
167,145.61111111111111,68.0,0.46699732926363985,-0.27725055682653865,0.5935849430849571,0.10606638687523846,0.058823529411764705,0.05555555555555555,-5.8161764705882355,0.1783811045424274,0.9446790993230921
168,5879.722222222223,2748.0,0.4673690178107431,0.7747641692348451,0.9928187557002902,0.08939386781310531,0.0,0.0,-5.503611971104232,0.00011429470848953563,0.9597992653158616
169,5816.888888888889,2638.0,0.4535070293398533,0.7523082639879833,0.9734917146532384,0.08853529951100245,0.0,0.0,1.5768833849329151,1.018536794953765e-05,0.9627192345563872
170,1150.1666666666667,486.0,0.4225474568903057,0.7354918250578117,0.9403115610532242,0.08216200550644834,0.0,0.0,4.106295149638803,0.0020363843800029133,0.9675952470786348
171,3300.0,597.0,0.1809090909090909,0.6101814563403707,1.0,0.07225589225589225,0.05555555555555555,0.0,-33.283797729618165,0.0886301344521703,0.9945761006577921
172,300.3333333333333,163.0,0.5427302996670367,0.2115434704508712,0.49171291349563995,0.14187939326674065,0.058823529411764705,0.05555555555555555,-4.022058823529412,0.014819917660795233,0.9402924401775864
173,1856.2222222222222,1885.0,1.0155034119478032,-0.16821889789819028,0.5529631663211161,0.21827487130372322,0.05555555555555555,0.0,13.682146542827645,0.0015021475952052402,0.8691272038895813
174,4916.666666666667,798.0,0.1623050847457627,0.5112577307495118,0.9995572607279557,0.06994350282485876,0.1111111111111111,0.0,-46.16305469556244,0.09547718961917326,0.9955611726360164
175,1864.7222222222222,825.0,0.442425145240578,0.7704214292697542,0.9961060896483083,0.08678683152092954,0.0,0.0,-4.886480908152735,0.0009993077456288955,0.9642226635453388
176,6237.555555555556,1230.0,0.1971926324414835,0.6094536451051601,1.0,0.07590224090633796,0.05555555555555555,0.0,-59.46749226006192,0.0666163670571308,0.9935142736346124
177,2501.6111111111113,449.0,0.17948433231917207,0.5123256848359713,0.9185028038752293,0.07119856092740234,0.1111111111111111,0.0,-20.686274509803923,0.06041512914857698,0.9946291779350512
178,1395.0555555555557,640.0,0.4587630918720879,0.7564298008200177,0.9786215566570472,0.09035880689737565,0.0,0.0,-5.792569659442726,0.0023349980069595462,0.9619341868583466
179,57.888888888888886,41.0,0.708253358925144,0.033674328283885606,0.8773794907783677,0.15067178502879078,0.05555555555555555,0.0,-0.0970072239422082,0.00015908495734460985,0.9126712558978323
180,4152.888888888889,677.0,0.16301904965753425,0.5008977719008306,0.9366521573002131,0.0722388698630137,0.1111111111111111,0.0,-41.39731682146543,0.10670972301957465,0.9956058447196574
181,3149.0555555555557,513.0,0.1629059859217049,0.5008942866732214,0.9753259340037762,0.07077959882151615,0.1111111111111111,0.0,-26.040247678018577,0.07336241797457352,0.9955851858802093
182,5401.444444444444,996.0,0.18439512064674057,0.5699740371026305,0.9997127688937456,0.07352971427395964,0.1111111111111111,0.0,-52.78637770897833,0.08005910649853148,0.9943712583026911
183,67.27777777777777,38.0,0.564822460776218,0.30107912180586116,1.0,0.13625103220478943,0.05555555555555555,0.0,1.4458204334365325,0.04165213898981504,0.9482064867689347
184,732.8333333333334,324.0,0.4421196270184216,0.7391156871282224,0.9762551159859129,0.08414828292017285,0.0,0.0,1.4582043343653233,0.0005789007700418039,0.9646149657899197
185,2225.3333333333335,394.0,0.17705212702216896,0.6000221497825757,1.0,0.07297283802676253,0.1111111111111111,0.0,-20.249742002063986,0.07532240272484654,0.9949139962837779
186,2754.3333333333335,1288.0,0.46762676993827906,0.7495948140996828,0.9984549429823802,0.09330751543023115,0.0,0.0,7.405572755417949,0.0009424167432095338,0.9601606118407924
187,844.8333333333334,780.0,0.9232590254488064,-0.21763126149808654,0.32831297265854364,0.16979022818438877,0.16666666666666666,0.0,-22.855521155830758,0.024444067684192376,0.8879167865611366
188,1322.1666666666667,1345.0,1.0172696331778646,0.14028113770454717,1.0,0.24904407748224716,0.1111111111111111,0.0,-66.95665634674923,0.07061037686235516,0.8873594495836572
189,2962.5555555555557,523.0,0.17653677380639837,0.5352466805564806,0.9476688674744727,0.07506657165360237,0.1111111111111111,0.0,-25.104231166150672,0.06561241672016845,0.9948865408441525
190,5541.833333333333,919.0,0.16582959910980122,0.5169445650975555,0.992931608351384,0.07046404619409942,0.16666666666666666,0.0,-50.26934984520124,0.08528449064283655,0.9954167562081884
191,5351.666666666667,2395.0,0.44752413578324507,0.7718328439369281,0.9944173595596104,0.09202740579258797,0.05555555555555555,0.0,-8.090815273477812,0.0003252629883492028,0.9632341863776848
192,568.7222222222222,243.0,0.42727361531698743,0.7429052358113665,0.9931640442125962,0.0910422975481098,0.05555555555555555,0.0,2.1289989680082564,0.0021916624296549367,0.9679754388283143
193,557.6666666666666,239.0,0.4285714285714286,0.7325746557575172,0.9880771672831953,0.09055588762701733,0.05555555555555555,0.0,-0.6811145510835905,0.0002323950059529607,0.9673582987095102
194,1646.0555555555557,735.0,0.44652198859225756,0.7488362275818726,0.989406246912797,0.08943940058726248,0.0,0.0,-9.732714138286894,0.005000452032562185,0.9639649129388841
195,128.38888888888889,75.0,0.584162700129814,0.15682265566777168,0.7251808507526876,0.1324102120294245,0.11764705882352941,0.05555555555555555,-7.487745098039215,0.24269864673698227,0.9295305486854422
196,1864.2222222222222,1601.0,0.8588031946596734,0.012985600389788384,0.7426309719915255,0.16473953987364406,0.16666666666666666,0.0,-115.67389060887513,0.14882162320131065,0.8991274099441291
197,907.2777777777778,427.0,0.4706386626660951,0.7670361232941886,0.9490529003115056,0.09160492315228706,0.0,0.0,0.015479876160990712,3.747622154771121e-08,0.960996226935549
198,1181.611111111111,215.0,0.18195495791997743,0.5829109508367392,1.0,0.07334618458789788,0.16666666666666666,0.0,-6.415892672858617,0.025396014984022146,0.9945821227879516
199,1479.8333333333333,265.0,0.1790742200698277,0.5652443559506518,1.0,0.0739948192364005,0.05555555555555555,0.0,-13.495356037151703,0.07388324327333884,0.9946516397118779
200,731.2222222222222,798.0,1.0913235070657956,-0.03445578556159842,0.9915437858747531,0.25991490654915667,0.1111111111111111,0.0,41.25902992776058,0.07626063543649025,0.8773711354543322
201,2374.8888888888887,447.0,0.18821933189856838,0.6357419996156205,0.91713415457359,0.07583980537101151,0.1111111111111111,0.0,-13.24251805985552,0.02505523376112267,0.994169627394562
202,4541.388888888889,2129.0,0.46879931494280996,0.7551485764341815,0.9646208599970783,0.08751605602789161,0.0,0.0,-3.2311661506707945,6.563924640754746e-05,0.9597668779857595
203,228.0,99.0,0.4342105263157895,0.018060745424930535,0.8329610059594925,0.09381091617933723,0.05555555555555555,0.0,-2.959752321981424,0.02541609675745761,0.9625132457316673
204,1581.1666666666667,293.0,0.1853062084958364,0.6334470761445903,1.0,0.07290678472295421,0.1111111111111111,0.0,-15.941176470588236,0.08428370367520291,0.9943082891972501
205,3142.3333333333335,503.0,0.16007213323432692,0.6393343533704416,1.0,0.07010006718291432,0.1111111111111111,0.0,-25.001031991744068,0.07049060331274026,0.9957679823168565
206,4584.055555555556,2076.0,0.4528740925672318,0.7623368652142294,0.9736507660578209,0.08804673203010435,0.0,0.0,10.137254901960778,0.0006797787228745864,0.962434041359525
207,7605.055555555556,2651.0,0.34858390982606596,0.8875170878109866,1.0,0.08661635900095696,0.05555555555555555,0.0,409.9742002063984,0.681457270287889,0.9797253625580029
208,1500.8333333333333,685.0,0.4564131038312049,0.7443243396243013,0.9942691301113138,0.08969091245604294,0.0,0.0,-2.1351909184726514,0.00027650807157509553,0.9614645068237319
209,2096.8333333333335,911.0,0.43446466894523483,0.7206271691846795,0.9786382108626693,0.08780436107357656,0.0,0.0,5.5510835913312695,0.0010583728955343666,0.9657110274768422
210,325.72222222222223,210.0,0.6447211325260106,-0.18215395270852186,0.9667821097977864,0.13201432713627836,0.17647058823529413,0.05555555555555555,-4.409313725490197,0.010626179372899324,0.9172469389175198
211,116.88888888888889,65.0,0.5560836501901141,-0.31191190599415514,0.9913739241522367,0.12690114068441063,0.05555555555555555,0.0,-4.059855521155832,0.11181406689560267,0.9460880113917371
212,3134.777777777778,558.0,0.17800304824017296,0.5890020975158942,0.9988763743123947,0.0736362669691277,0.05555555555555555,0.0,-26.012383900928793,0.06186906059368601,0.9947182230358562
213,2816.0,1279.0,0.4541903409090909,0.7655936599191657,0.9501973173225318,0.08988320707070707,0.0,0.0,-3.770897832817338,0.00024757380395640835,0.9630215450638521
214,192.44444444444446,164.0,0.8521939953810623,0.4820439746657534,0.5584901548630349,0.1766743648960739,0.125,0.1111111111111111,-19.38529411764706,0.2841395730392462,0.8703012829355475
215,1775.9444444444443,1480.0,0.8333594018831921,0.47887877718655353,0.8094481163988674,0.15203178277598775,0.2222222222222222,0.0,0.6904024767801867,6.204058757630878e-06,0.9051765150539485
216,4046.722222222222,1720.0,0.4250353509699208,0.7355182650156682,0.9897678913442058,0.09147320876978625,0.05555555555555555,0.0,-4.797729618163055,0.00022178561817691336,0.9679650033848054
217,3191.3333333333335,540.0,0.16920827240442865,0.620409800550499,1.0,0.0703467725088782,0.1111111111111111,0.0,-19.126934984520123,0.03573906178830053,0.9951893036689513
218,1893.7777777777778,1702.0,0.8987326918563717,0.17694779756685547,0.10840151513893892,0.16360596104200892,0.16666666666666666,0.0,-55.822497420020646,0.030661945171307194,0.8908191120701805
219,2114.5555555555557,390.0,0.18443592034049708,0.6133942879844055,0.9933104739136617,0.07311754505806316,0.16666666666666666,0.0,-21.750257997936018,0.08860584393666991,0.9945265757083859
220,1574.3333333333333,284.0,0.1803938174888842,0.6537691168270918,1.0,0.0708942056602442,0.1111111111111111,0.0,-11.89267285861713,0.05004000319212855,0.9946245490391952
221,3012.4444444444443,522.0,0.17328120389495427,0.5754608406350608,0.9498529387561211,0.07269843611684863,0.05555555555555555,0.0,-24.988648090815275,0.06536094933074149,0.9950053498472267
222,1530.7777777777778,1607.0,1.0497931334833417,-0.17907600115335914,0.6170106575302783,0.24671554039340932,0.1111111111111111,0.0,40.42311661506709,0.018024996421540252,0.8785008696527118
223,4885.888888888889,2259.0,0.46235189775544083,0.7471096365865921,0.9826187233512114,0.08828144543242444,0.0,0.0,10.346749226006192,0.0005979850028896618,0.9605585082193457
224,3287.9444444444443,593.0,0.1803558454285859,0.5976350591861571,0.99166450376497,0.07106770525319771,0.1111111111111111,0.0,-20.614035087719298,0.03442426423457012,0.994541209259024
225,2254.9444444444443,1863.0,0.826184434206312,-0.3092555001973097,0.5161153067899952,0.15849121683214665,0.1111111111111111,0.0,-97.92053663570694,0.07875051041363802,0.8964751914979799
226,2262.8888888888887,2506.0,1.1074339585583817,-0.09839651505299622,0.8042456751641419,0.21287930865167437,0.1111111111111111,0.0,118.56965944272447,0.06380821792787948,0.8515832308871153
227,1621.9444444444443,270.0,0.16646686076382944,0.5911817173977258,0.9908442225158137,0.07021750299708854,0.1111111111111111,0.0,-14.92156862745098,0.08678031804152535,0.9953258474045766
228,3127.8333333333335,529.0,0.16912665849629668,0.5870276926705106,1.0,0.07184597076428482,0.05555555555555555,0.0,-25.73684210526316,0.06754861974293344,0.9952385445750657
229,1514.2777777777778,685.0,0.45236086143009135,0.757712496641555,0.9948801706241952,0.08790402465421726,0.0,0.0,-1.181630546955625,8.476457442336718e-05,0.9625296077558064
230,3187.3888888888887,1423.0,0.44644693496941074,0.7599457830974609,0.987362358538651,0.08913600474090601,0.0,0.0,-0.500515995872033,3.5251906743418604e-06,0.9635443334478614
231,2159.8333333333335,2141.0,0.991280191372791,0.14837055661066234,-0.9402572973675487,0.19175862335056718,0.1111111111111111,0.0,-127.40041279669762,0.10094708620675245,0.868869383177859
232,2611.0555555555557,1208.0,0.4626481414498181,0.7732735576955706,0.9680932863879271,0.08661886423115385,0.0,0.0,2.318885448916409,0.00010498833571303672,0.9612011264064172
233,2657.3888888888887,510.0,0.1919177137122907,0.5322375653705297,1.0,0.07239771705726172,0.1111111111111111,0.0,-20.296181630546958,0.04512351714181043,0.9937625725844789
234,3011.5,519.0,0.17233936576456915,0.4918668348656506,1.0,0.07109782869371115,0.1111111111111111,0.0,-27.398348813209495,0.07953610087236171,0.9950212285065513
235,5796.888888888889,903.0,0.15577321168442843,0.5784335004488151,0.9988120543590133,0.06823583531396152,0.05555555555555555,0.0,-36.41073271413829,0.04637031860915333,0.9959478582995221
236,1875.2222222222222,2057.0,1.0969366593588907,-0.10585385342797675,0.28868230652066706,0.23377970018368194,0.1111111111111111,0.0,-39.19711042311661,0.010350961174600097,0.8555879752038092
237,3295.8333333333335,614.0,0.18629582806573955,0.602028778414522,0.9557739220154507,0.07192583227981458,0.05555555555555555,0.0,-35.076367389060884,0.09292348621197469,0.9941305646255579
238,4989.166666666667,832.0,0.16676131618506765,0.5662169094726177,1.0,0.07228996158343076,0.1111111111111111,0.0,-38.461300309597526,0.06083406699627491,0.9954129497205384
239,3060.777777777778,504.0,0.16466402875086217,0.613495757569061,0.9882705713449862,0.06935419464914509,0.05555555555555555,0.0,-17.37667698658411,0.033885829163056436,0.9954935701543426
240,4854.166666666667,855.0,0.17613733905579398,0.578692895124119,0.972279748707187,0.07341917024320457,0.1111111111111111,0.0,-44.75232198142415,0.0780248519095761,0.9948748177900739
241,1116.2222222222222,191.0,0.17111288074855666,0.6493843115326796,0.9545496091647578,0.07271550866016326,0.05555555555555555,0.0,-7.535603715170279,0.044358161399150456,0.995151387301574
242,934.6666666666666,882.0,0.9436519258202568,-0.17238599066860072,0.43967348360312297,0.19127436994769378,0.1111111111111111,0.0,-67.93808049535603,0.16890492482494598,0.8815496736314755
243,1787.388888888889,332.0,0.1857458117054673,0.5960225012287441,0.9794215640047067,0.07291828551891337,0.1111111111111111,0.0,-17.18575851393189,0.07619878159431938,0.9942362439386663
244,119.94444444444444,70.0,0.5836035201482168,-0.056399852452969385,0.5185294529981979,0.13432144511347846,0.11764705882352941,0.05555555555555555,3.5710784313725488,0.06397468676392234,0.9300957606390885
245,4310.388888888889,4552.0,1.0560532047894622,0.033299019621330944,0.17393946568110286,0.20677433075128565,0.16666666666666666,0.0,-524.1166150670795,0.3778385137194794,0.8519599881159806
246,1361.611111111111,260.0,0.19095026316863192,0.5883902836625963,0.9596898923651369,0.07217756742421151,0.1111111111111111,0.0,-11.367389060887515,0.05465948424946124,0.9939689748392835
247,1110.7222222222222,990.0,0.891311959185715,-0.06338177422422732,0.02455839330131393,0.21352473365677987,0.1111111111111111,0.0,-15.082559339525282,0.006616041693243261,0.9128653029665492
248,1761.4444444444443,276.0,0.1566895855674005,0.6240445681055083,0.9818711289717741,0.06935595786286507,0.1111111111111111,0.0,-16.530443756449948,0.10257687396230611,0.995925718724257
249,1669.2222222222222,284.0,0.1701391200159755,0.5856871828956743,0.9999535563945477,0.0706583239033482,0.1111111111111111,0.0,-11.57688338493292,0.04748964864716741,0.9952125032978468
250,128.0,58.0,0.453125,-0.22204231053539372,-0.5435127948366296,0.11631944444444445,0.05555555555555555,0.0,1.4592363261093912,0.018157627557452562,0.9654595834585562
251,1195.8333333333333,949.0,0.7935888501742161,-0.1836611401551242,0.31986183538560664,0.16603948896631823,0.16666666666666666,0.0,-12.25490196078432,0.004757371776683,0.9210017781100817
252,3496.0555555555557,628.0,0.17963101272863066,0.6670752231582758,0.9973523926784982,0.07095297875383369,0.05555555555555555,0.0,-30.271413828689372,0.06626408947930006,0.9946436225190126
253,3038.8333333333335,1358.0,0.44688202709373115,0.7639685814443984,0.9735148515013243,0.08561399659957221,0.0,0.0,-0.34778121775025755,1.8691875454911746e-06,0.9634372718563007
254,139.77777777777777,68.0,0.4864864864864865,0.4424389739346297,0.7085630581555666,0.12360890302066772,0.058823529411764705,0.05555555555555555,2.2377450980392157,0.026415252307998075,0.9426598541181377
255,5151.611111111111,872.0,0.16926743521444207,0.5859942502614063,1.0,0.07169278219327287,0.05555555555555555,0.0,-50.488132094943246,0.09556448709321091,0.9952521798864848
256,1065.7777777777778,482.0,0.45225187656380317,0.7648414957811567,0.9859020861174502,0.09596538782318599,0.05555555555555555,0.0,-8.697626418988648,0.009291353354836898,0.9636093459862269
257,1766.6666666666667,303.0,0.17150943396226415,0.5356664455913084,0.9985147655605253,0.0710691823899371,0.1111111111111111,0.0,-16.243550051599588,0.08173328267885924,0.9951175688254409
258,2706.3333333333335,1222.0,0.4515334400788274,0.7498547240663564,0.9804884779457187,0.08950199121402472,0.0,0.0,5.554179566563471,0.0005889525794877999,0.9628947766855123
259,2492.5555555555557,1777.0,0.7129229260464494,0.07701719199273539,1.0,0.1369411135380912,0.05555555555555555,0.0,-61.31888544891641,0.03391774608467465,0.9160088228194194
260,4717.5,854.0,0.18102808691043984,0.4888197212088776,1.0,0.07551080492256963,0.05555555555555555,0.0,-43.82352941176471,0.07500944795511655,0.9945480622053656
261,2151.5555555555557,956.0,0.44432968394959715,0.7754238273343734,1.0,0.08688803966122702,0.0,0.0,-1.131062951496389,3.985409735203559e-05,0.9645126915141295
262,1346.1666666666667,244.0,0.18125541661507985,0.601620070990759,1.0,0.0722215343980851,0.1111111111111111,0.0,-13.458204334365327,0.08666993711396487,0.9944854729434995
263,2892.4444444444443,2206.0,0.7626767055931162,0.4314789548196322,0.978139375252988,0.1652581438229871,0.1111111111111111,0.0,151.18472652218782,0.13381172263390698,0.9250011677629929
264,8199.166666666666,2872.0,0.35027949994918184,0.9057820418142027,1.0,0.08454111190161602,0.05555555555555555,0.0,446.7791537667698,0.6897362858372876,0.9795601141484623
265,1554.5,700.0,0.45030556449018977,0.7672314601341893,1.0,0.0923841177942175,0.05555555555555555,0.0,-0.8266253869969041,3.9715343263695864e-05,0.9638511179561579
266,1180.0,235.0,0.19915254237288135,0.4776099288823428,1.0,0.07735404896421845,0.1111111111111111,0.0,-11.60577915376677,0.0692493024926522,0.9935112936696726
267,2808.9444444444443,521.0,0.1854789264452839,0.5385190961156114,1.0,0.0756116374280572,0.05555555555555555,0.0,-21.939112487100104,0.05052217011160456,0.9942691765501571
268,984.1666666666666,868.0,0.8819644369178663,0.27763980794908455,0.6994795060084646,0.16793677674287327,0.1111111111111111,0.0,91.01651186790507,0.3131414108810416,0.8936865255548175
269,3341.5555555555557,569.0,0.17027997605905432,0.6315774878639385,0.9891256389701281,0.07240473498703198,0.1111111111111111,0.0,-30.35294117647059,0.0809745596992138,0.9952196416158472
270,109.83333333333333,62.0,0.5644916540212443,-0.43883899690324857,0.8220267823766787,0.13707637835103692,0.058823529411764705,0.05555555555555555,-1.8848039215686272,0.022711139192748166,0.9321308750640186
271,3526.277777777778,634.0,0.17979298284309864,0.5573165568061969,1.0,0.0744411009405574,0.1111111111111111,0.0,-44.663570691434465,0.14144036775793123,0.9946848104362845
272,57.833333333333336,37.0,0.6397694524495677,-0.06584401459871238,0.991450950677769,0.13160422670509125,0.05555555555555555,0.0,1.1486068111455108,0.02714396629944484,0.927904042308973
273,1198.611111111111,219.0,0.18271147161066048,0.5218856088981072,0.8451137156885116,0.07439165701042874,0.05555555555555555,0.0,-12.993808049535605,0.10053373510758978,0.9943480353771843
274,1082.111111111111,482.0,0.44542560837868367,0.7692882991572654,0.9985138131576982,0.08820207413492145,0.0,0.0,1.5500515995872037,0.00029421800008486376,0.9638215126797921
275,128.22222222222223,76.0,0.5927209705372617,0.043354706784425524,0.7911378872949765,0.12131715771230503,0.11764705882352941,0.05555555555555555,-5.796568627450981,0.14215959724982444,0.9249156608177305
276,4371.166666666667,1571.0,0.359400617684066,0.8989372637525046,1.0,0.08498875204941472,0.05555555555555555,0.0,241.4231166150671,0.6733205887062437,0.9784791388657892
277,3075.1666666666665,561.0,0.18242913663216087,0.6321081156479682,1.0,0.07249832890719564,0.1111111111111111,0.0,-28.442724458204335,0.07317891947242855,0.994533775400084
278,3562.6111111111113,648.0,0.18188906388884557,0.6079133111603445,0.9535208689685605,0.07613017917569823,0.05555555555555555,0.0,-26.13312693498452,0.04629759700587399,0.9945448085242358
279,2445.3333333333335,438.0,0.17911668484187568,0.5433454367949315,1.0,0.07254180298073427,0.05555555555555555,0.0,-23.08359133126935,0.07904884432083262,0.9945827895463492
280,1469.3333333333333,262.0,0.1783121597096189,0.6231676451060657,0.979600024445373,0.07395644283121597,0.05555555555555555,0.0,-7.752321981424149,0.024877203079674032,0.9947537822344394
281,1271.111111111111,593.0,0.46652097902097905,0.7652499748175361,0.9903247640377899,0.08868006993006992,0.0,0.0,0.7925696594427266,5.08456761795198e-05,0.9603450849199263
282,3238.222222222222,540.0,0.1667581663464178,0.5631378407155965,0.9804509572867756,0.07178149876475433,0.1111111111111111,0.0,-22.394220846233228,0.048966556090165335,0.9954354842833933
283,3206.5555555555557,582.0,0.18150317058803145,0.5290422723074484,1.0,0.07214387192903426,0.05555555555555555,0.0,-35.54798761609907,0.10623673539395022,0.9944550728017468
284,5434.388888888889,2444.0,0.44972858033715335,0.7694364807912552,0.9973012636182451,0.08915445874523355,0.0,0.0,-7.206398348813223,0.0002478678739468602,0.9637253274919995
285,2104.8888888888887,376.0,0.17863175675675677,0.4013723614283244,0.9826148759120611,0.07461465371621621,0.05555555555555555,0.0,-24.04953560371517,0.1165596350442031,0.9945953643734733
286,2815.9444444444443,2291.0,0.8135813916783396,-0.035422438042918974,0.23863783968086083,0.17272673466569338,0.1111111111111111,0.0,27.000000000000004,0.003960007215230567,0.9164100594254173
287,3318.6666666666665,1499.0,0.4516874246685416,0.7655304865139025,0.9742034618986785,0.09679255390384357,0.05555555555555555,0.0,-7.044375644994841,0.0006292913624276909,0.9638271517063581
288,2122.3333333333335,368.0,0.17339406313805558,0.5746677289863733,0.9353342714930061,0.07151458038846134,0.1111111111111111,0.0,-8.070175438596491,0.013673296520190888,0.9949575137933386
289,2360.5,1846.0,0.7820377038762973,0.35795523974324234,0.0547242700613938,0.16067688107510178,0.05555555555555555,0.0,-164.83075335397317,0.22711009977117824,0.9071686469327997
290,2115.0,333.0,0.1574468085106383,0.45890890423744635,0.8713298175954831,0.06871552403467297,0.05555555555555555,0.0,-14.683178534571725,0.055394880580497505,0.995758023827102
291,2230.6111111111113,960.0,0.4303753331174815,0.7220289483983421,0.9771326768131816,0.09459291175811313,0.05555555555555555,0.0,4.147574819401445,0.0005320012937109701,0.967109634055717
292,4252.888888888889,730.0,0.17164803009718885,0.5314525728986819,1.0,0.07128487825269098,0.1111111111111111,0.0,-39.89473684210527,0.08516102173800999,0.9951549658664298
293,1501.8333333333333,248.0,0.1651315059371879,0.5635606546763556,0.9994254054292171,0.06902674508933526,0.05555555555555555,0.0,-11.536635706914346,0.061778349787336664,0.9954024887492373
294,166.22222222222223,80.0,0.48128342245989303,0.11867947366366015,1.0,0.10828877005347594,0.125,0.1111111111111111,4.41764705882353,0.06477007811441314,0.9259305660343946
295,292.8888888888889,158.0,0.539453717754173,0.23417989842771247,1.0,0.1270864946889226,0.05555555555555555,0.0,-6.0660474716202275,0.04182393813557807,0.9527608078794637
296,1537.388888888889,671.0,0.4364543056408774,0.7570267759875398,0.9461509469120866,0.09243667112347775,0.05555555555555555,0.0,-10.599587203302374,0.007117186484157869,0.9657807019736189
297,1491.6666666666667,254.0,0.17027932960893855,0.5966536145415814,1.0,0.07184357541899442,0.05555555555555555,0.0,-17.84313725490196,0.14088068195350872,0.9951649784300249
298,6042.055555555556,2755.0,0.45597065016504684,0.772571102101795,0.9945387888890485,0.08843568689831459,0.0,0.0,-14.153766769865843,0.0007523660628086643,0.9621445242879418
299,2454.5,1118.0,0.4554899164799348,0.7701063511041149,1.0,0.08485548086281433,0.0,0.0,-1.9226006191950467,8.42440640053698e-05,0.9625497782890565
300,4831.055555555556,851.0,0.17615197966857943,0.5445415751503935,0.9813420971467278,0.07288492277970078,0.1111111111111111,0.0,-46.04850361197111,0.0833854458214761,0.9948700308887234
301,5667.555555555556,924.0,0.1630332496863237,0.5989525284402997,0.9901069434086759,0.07142997176913425,0.05555555555555555,0.0,-53.58513931888545,0.09594990883179084,0.9956001801820616
302,3065.3333333333335,550.0,0.17942583732057416,0.5764630700817928,1.0,0.07287588806727563,0.1111111111111111,0.0,-27.29824561403509,0.07014792433457993,0.994723786994764
303,1325.5,1582.0,1.1935118823085629,-0.03179033560237089,0.07221490699796385,0.3065928999538958,0.05555555555555555,0.0,6.4943240454076365,0.0004804136182238164,0.8688158914493093
304,3464.0,600.0,0.17321016166281755,0.6247002060592414,1.0,0.07289260969976906,0.1111111111111111,0.0,-33.0092879256966,0.08639000013675083,0.9950852349697012
305,1427.5,239.0,0.16742556917688267,0.5701328766607001,0.9793645077935368,0.06853473438412143,0.0,0.0,-10.269349845201237,0.05275947414648676,0.995262916234341
306,1121.6666666666667,184.0,0.16404160475482912,0.4800406840515291,1.0,0.07295690936106984,0.1111111111111111,0.0,-11.277605779153767,0.10654924503104823,0.9955549828788253
307,107.72222222222223,64.0,0.59412068076328,-0.08127978276881029,0.9482450967128512,0.12532233109850438,0.14285714285714285,0.2222222222222222,-5.259340659340659,0.11168240762618309,0.8756414647534633
308,8303.611111111111,2992.0,0.3603251597363931,0.8930618658404579,0.9440995712735392,0.08327033084668652,0.0,0.0,473.53663570691447,0.7138405598759723,0.9782032966391377
309,1544.2777777777778,661.0,0.4280318019930208,0.7631476391137187,1.0,0.09076519048818218,0.05555555555555555,0.0,-1.7512899896800813,0.00019999026057373058,0.9676545733243502
310,2187.3888888888887,392.0,0.17920910268458082,0.4021421619318536,0.9893196823643207,0.07286719325426054,0.1111111111111111,0.0,-25.701754385964914,0.1226660047913891,0.9945989214997049
311,1176.611111111111,845.0,0.718164219273809,-0.13064244675186001,0.5773207829911593,0.1736153737192502,0.1111111111111111,0.0,-46.9484004127967,0.08791449309229608,0.9397408935538131
312,2785.5,1223.0,0.43905941482678157,0.7559046742271193,0.967901453195624,0.08761642633478929,0.0,0.0,4.269349845201239,0.00034750663525500775,0.965914875676254
313,4803.0,2074.0,0.4318134499271289,0.7619149746490017,1.0,0.08562935202535453,0.0,0.0,-8.142414860681114,0.00043929932385376475,0.9665210916457418
314,977.8888888888889,1010.0,1.0328371775934553,-0.21664024204760193,1.0,0.2179865924326781,0.1111111111111111,0.0,6.439628482972133,0.0011590445640426534,0.8706677780463407
315,1276.5555555555557,210.0,0.1645051788667421,0.4959890912829097,1.0,0.07311341282966316,0.1111111111111111,0.0,-10.474716202270383,0.07116504918125617,0.9955006482725205
316,1000.2222222222222,874.0,0.8738058209286825,-0.006244993410749931,0.7031253476825032,0.15429904465674293,0.16666666666666666,0.0,-49.00928792569659,0.08952161120970448,0.8934232505328028
317,131.33333333333334,75.0,0.5710659898477157,-0.08536958738321382,0.5785073373664876,0.12690355329949238,0.0625,0.1111111111111111,-5.791176470588235,0.12637651387678278,0.9107811761935931
318,5307.055555555556,2420.0,0.455996733907691,0.751607127734583,0.9910982083660632,0.08851947616904121,0.0,0.0,0.8410732714138204,3.4421708212717915e-06,0.961463675113489
319,4269.166666666667,699.0,0.16373218817099355,0.5447863638730165,0.969932409802164,0.07249658403279328,0.05555555555555555,0.0,-38.192982456140356,0.08509827216469493,0.9955385454564044
320,3111.222222222222,514.0,0.16520838541480662,0.5813525447683555,0.9764947892678966,0.07096175136602265,0.05555555555555555,0.0,-31.471620227038187,0.10669590870908319,0.9954736810229382
321,2474.3333333333335,2028.0,0.8196147110332749,-0.14238729066430478,0.6730679273300941,0.1408460191297319,0.16666666666666666,0.0,-76.09081527347782,0.04011175605653585,0.8949508387374374
322,3473.8333333333335,635.0,0.18279518303507172,0.4946200180071661,0.9971939917314097,0.0743335092517072,0.1111111111111111,0.0,-36.874097007223945,0.09625220176885102,0.994442136680266
323,113.16666666666667,55.0,0.48600883652430044,-0.03570373663316571,0.42494278485983084,0.11978399607265587,0.11764705882352941,0.05555555555555555,-3.7107843137254903,0.1096937642608842,0.9453816370857706
324,2382.222222222222,429.0,0.1800839552238806,0.5728084276427349,0.9379982869280639,0.07236473880597015,0.16666666666666666,0.0,-23.642930856553146,0.08656206528958477,0.9946181003813857
325,1407.611111111111,241.0,0.17121206141216402,0.5255747735182263,1.0,0.0684374629987765,0.0,0.0,-12.075335397316822,0.07161423820733927,0.9950387177150604
326,1176.8333333333333,1069.0,0.9083699192748903,0.18650395340730871,1.0,0.18547892177689657,0.1111111111111111,0.0,102.57275541795666,0.2624357468780413,0.8847614689302842
327,2840.4444444444443,457.0,0.16089031450477234,0.4995331446665101,0.9749487548782002,0.06941401971522454,0.05555555555555555,0.0,-19.0030959752322,0.04919999583178617,0.9956941496522695
328,3059.6666666666665,1416.0,0.4627955114936268,0.7653620155435276,0.9974688632830437,0.09142244979482152,0.0,0.0,3.1104231166150664,0.000137584210144493,0.9615302073908306
329,2350.6666666666665,1071.0,0.4556154282473058,0.7464484451184923,0.9982339537225531,0.09075439591605218,0.0,0.0,-5.803921568627444,0.0008371773849625713,0.961759608367633
330,2085.277777777778,926.0,0.44406553883042493,0.7660056524873493,0.9689404653315773,0.08874383908352204,0.0,0.0,-2.7647058823529416,0.00025421439571200646,0.9644057991865217
331,2477.3888888888887,458.0,0.18487206512232862,0.5155656137946354,1.0,0.07593119996411993,0.05555555555555555,0.0,-29.507739938080498,0.11848308661031089,0.9943200613746009
332,3451.3888888888887,576.0,0.1668893360160966,0.5781592630990747,1.0,0.07227364185110664,0.05555555555555555,0.0,-31.652218782249744,0.0859254044822275,0.9953538051814567
333,4041.8333333333335,657.0,0.16254999793822936,0.6676947423487167,1.0,0.06901433617857683,0.05555555555555555,0.0,-27.837977296181634,0.05116410207076691,0.9955834599660375
334,2694.5,1916.0,0.7110781221005752,0.0750950774948161,1.0,0.17137790973381992,0.1111111111111111,0.0,184.86377708978327,0.2652734379735837,0.9355372610469285
335,5866.666666666667,1065.0,0.1815340909090909,0.5314178033237691,1.0,0.07211174242424243,0.05555555555555555,0.0,-37.81424148606811,0.03591535225392088,0.9943856021380143
336,5459.833333333333,2589.0,0.47419029884917124,0.7674171368425918,0.9997852193374309,0.09195437386163599,0.0,0.0,-22.07327141382869,0.0020712800650549107,0.9580810570868813
337,1352.888888888889,227.0,0.16778909329829172,0.5396595393743093,1.0,0.072026938239159,0.1111111111111111,0.0,-13.164086687306503,0.09600562379933629,0.9953422213585924
338,1557.3333333333333,279.0,0.179152397260274,0.5925585827144011,0.9922758454402988,0.0728453196347032,0.05555555555555555,0.0,-16.00825593395253,0.0937598891311776,0.9946108998437918
339,2597.6111111111113,453.0,0.17439100027803323,0.5543293115655324,0.9880228018051067,0.07399961503090446,0.1111111111111111,0.0,-32.47987616099071,0.14674624820689416,0.9949684774079869
340,5411.777777777777,950.0,0.17554305424383035,0.5726945875412178,1.0,0.07156202521249949,0.05555555555555555,0.0,-50.59236326109391,0.08078429789114763,0.9947857155306157
341,2856.9444444444443,527.0,0.1844628099173554,0.5824679473600196,0.9839516641756398,0.07334953816237239,0.1111111111111111,0.0,-25.93704850361197,0.0691545527028475,0.9943754485846861
342,2776.0555555555557,504.0,0.18155256258880506,0.5760098952687678,0.9657045446202702,0.07226480417859073,0.05555555555555555,0.0,-21.13415892672859,0.050166858680460905,0.9944712810374489
343,2840.6111111111113,1249.0,0.43969411902759575,0.7443907032708768,0.930535710836862,0.09327022745496862,0.05555555555555555,0.0,-1.3529411764705883,3.345557136250494e-05,0.965477701369368
344,3380.3333333333335,1549.0,0.4582388324622818,0.7719196050969783,0.9720429958261035,0.0883049008973474,0.0,0.0,3.333333333333334,0.00013204474666965983,0.9620555516972317
345,2992.1666666666665,531.0,0.17746337659444106,0.6604588846114705,1.0,0.07176145119664308,0.05555555555555555,0.0,-17.732714138286894,0.031832645896325014,0.9948017219524489
346,3336.8333333333335,599.0,0.179511512911443,0.5715833378254235,0.9754798886567894,0.06947704909844662,0.0,0.0,-26.011351909184725,0.05368259390198426,0.9945371455670083
347,130.22222222222223,86.0,0.6604095563139931,0.4546584421498667,0.9227519813361544,0.12329351535836178,0.16666666666666666,0.0,-4.57172342621259,0.0801573523734349,0.9259706323268254
348,210.38888888888889,89.0,0.4230261420649591,-0.07817665346313007,1.0,0.11407446527594402,0.1111111111111111,0.0,6.8204334365325066,0.16769900672612456,0.9718624325948739
349,1772.111111111111,761.0,0.4294313123079817,0.7580127287928917,0.9626465279511678,0.08545990344222208,0.0,0.0,2.1836945304437565,0.00023447891280284014,0.9670929233067149
350,2888.3333333333335,1323.0,0.4580496249278707,0.759143500233819,0.986078928430672,0.09115214464320062,0.0,0.0,10.030959752321982,0.0016379389272077592,0.9616844021900618
351,3407.6666666666665,636.0,0.1866379731976915,0.5939406715804394,0.9877515628129072,0.07608660210636148,0.05555555555555555,0.0,-34.51805985552116,0.08406413749421315,0.994267168429093
352,656.0,545.0,0.8307926829268293,-0.09319873426538004,0.11622386792223782,0.17877710027100271,0.16666666666666666,0.0,-15.65325077399381,0.02348998577512178,0.9145665893666176
353,3253.4444444444443,1457.0,0.4478330658105939,0.7759269549415759,0.9998839196551906,0.08795806154161402,0.0,0.0,-0.29308565531475655,1.1532325366407886e-06,0.963717403357318
354,4413.611111111111,763.0,0.1728743155642268,0.5335505595122303,1.0,0.07767637988545535,0.05555555555555555,0.0,-36.733746130030966,0.06613240589582763,0.9951484871765226
355,4306.5,1995.0,0.46325322187391155,0.7733588677842855,0.9948854159139543,0.08803230259168957,0.0,0.0,4.349845201238391,0.00013545232797662333,0.9610793378598627
356,2431.8888888888887,434.0,0.17846210079042354,0.4796723087134857,1.0,0.07291999817243112,0.05555555555555555,0.0,-19.007223942208462,0.054581232639238204,0.9946320136485058
357,5808.388888888889,984.0,0.1694101443314746,0.6599966257315221,0.9995937443363437,0.07036757180706067,0.05555555555555555,0.0,-57.19401444788442,0.09618887809890554,0.9951726961436976
358,3160.722222222222,510.0,0.1613555270419911,0.5928532211380946,1.0,0.07120383878508779,0.05555555555555555,0.0,-27.464396284829725,0.08265228693590342,0.9956723561392534
359,1655.6666666666667,280.0,0.16911616670022145,0.5865014226116124,0.9847693928548329,0.07244480236225756,0.05555555555555555,0.0,-14.101135190918473,0.07228953015374634,0.9952491420995473
360,3324.777777777778,598.0,0.17986164488854728,0.646720111851169,0.9936095413166781,0.0726698526217291,0.05555555555555555,0.0,-26.179566563467493,0.05463093307634985,0.9946600217900013
361,3087.3333333333335,1418.0,0.4592960483696826,0.7480038295003946,0.9996180355828465,0.0910710429712805,0.0,0.0,8.194014447884417,0.0009514866822115332,0.9618184662698113
362,2624.6111111111113,1151.0,0.43854115953686257,0.7706731559660541,0.9879454156364892,0.08737802425756197,0.0,0.0,-4.203302373581011,0.00038039430322690056,0.9650152510528165
363,3340.8888888888887,550.0,0.16462684581615006,0.5861796265112527,1.0,0.06881069575628575,0.0,0.0,-29.772961816305468,0.08353860832025714,0.9954415456778634
364,2186.5,408.0,0.1865995883832609,0.5890843945430715,1.0,0.07365906954290215,0.16666666666666666,0.0,-12.708978328173375,0.02764230108822695,0.994317485534303
365,57.666666666666664,34.0,0.5895953757225434,-0.13149614780735383,0.40864220192849365,0.14547206165703275,0.11764705882352941,0.05555555555555555,-0.24509803921568626,0.0012931926339747562,0.9255561565643831
366,1695.888888888889,1352.0,0.7972220402280024,-0.1655172492457239,0.3058965721144178,0.1785690886457446,0.1111111111111111,0.0,52.69762641898865,0.04328338815613147,0.9141491263057447
367,1773.1666666666667,308.0,0.17370053576463954,0.5296567236071592,0.9990571362000621,0.0721872356424476,0.1111111111111111,0.0,-20.318885448916408,0.1242602659226994,0.9950246720092744
368,1091.7777777777778,1284.0,1.1760635049867698,0.6191706186879158,0.49795249014166953,0.23280073274984733,0.1111111111111111,0.0,-167.5046439628483,0.48497454889390634,0.8357975657770297
369,6397.111111111111,1169.0,0.18273873623510611,0.5556061605625989,0.9977793001526494,0.0731927606211137,0.1111111111111111,0.0,-62.274509803921575,0.0808232822311754,0.9944399113321369
370,2658.5,1181.0,0.4442354711303367,0.74751923746753,1.0,0.08766430526821725,0.0,0.0,4.640866873065016,0.0004403207168659398,0.9640001168926169
371,192.61111111111111,168.0,0.8722238246322469,-0.11416902190196772,0.9553081350827894,0.2050764349581771,0.06666666666666667,0.16666666666666666,4.328571428571428,0.011442013021927832,0.8526527756465898
372,3443.6666666666665,1535.0,0.44574581357080634,0.791008833318571,0.9610367167705247,0.08722937437485884,0.0,0.0,-16.363261093911248,0.003237985677570172,0.9640452282381438
373,4297.5,1985.0,0.4618964514252472,0.7654467422233162,1.0,0.09036261392282335,0.0,0.0,7.447884416924665,0.00040113120896581025,0.9608180497570147
374,1555.111111111111,251.0,0.16140325807373535,0.4989298707866842,1.0,0.06976993426693341,0.05555555555555555,0.0,-13.888544891640867,0.08694749612740423,0.9955367418199598
375,3536.3333333333335,1607.0,0.45442548779338293,0.77040451063197,0.9845347384216214,0.09158890250416313,0.0,0.0,-5.029927760577918,0.0002791553828618803,0.9630805663501026
376,1354.7222222222222,996.0,0.7352060693049006,-0.07271553083920256,-0.09148158802284612,0.18786139019889275,0.1111111111111111,0.0,-70.2590299277606,0.14172849996827086,0.9378808811818488
377,1653.611111111111,287.0,0.1735595498068201,0.5510769291097984,0.995090457239061,0.0733747690240215,0.05555555555555555,0.0,-16.269349845201237,0.09166063284143315,0.9950244619694186
378,4622.388888888889,851.0,0.1841039385599077,0.4500202983529595,0.9995875247484787,0.07528574690816436,0.1111111111111111,0.0,-39.87925696594427,0.06262535164640466,0.9944442370859808
379,922.3333333333334,789.0,0.855439103722443,0.2896205206833104,0.3704683814085874,0.15257197927960486,0.16666666666666666,0.0,-14.123839009287924,0.009130831399036522,0.8997786563048376
380,1093.5,506.0,0.46273433927754914,0.7523490775375204,0.9851910899733443,0.09028095310674186,0.0,0.0,-2.539731682146543,0.0007185011598116076,0.9607547052949642
381,4904.5,871.0,0.17759200734019778,0.5420286246155747,0.9548136782361872,0.07310746366715375,0.1111111111111111,0.0,-40.54592363261094,0.061779082462816756,0.9947441693905577
382,2557.8888888888887,467.0,0.1825724338647322,0.672075018220818,0.9631345330618063,0.07360670691976891,0.05555555555555555,0.0,-21.42827657378741,0.059891104031552456,0.9944274047483735
383,1182.4444444444443,513.0,0.4338470212366097,0.7446420925206755,0.9806760444264819,0.0955647434692727,0.05555555555555555,0.0,-8.26625386996904,0.007407401385667659,0.966990048096617
384,1217.111111111111,217.0,0.17829103523826914,0.5608351090641406,0.9777623858313396,0.0716633193354026,0.1111111111111111,0.0,-7.081527347781218,0.03048943656673783,0.994713660387336
385,1383.4444444444443,618.0,0.44671110754156296,0.7631393989458143,0.9978881776508394,0.09123765159424946,0.0,0.0,4.063983488132095,0.0012326509538950633,0.9635220214045466
386,877.6111111111111,384.0,0.4375514338165475,0.7441568489358782,0.9633092980008771,0.08583908337026018,0.0,0.0,0.628482972136222,7.649811676440232e-05,0.9655052745045302
387,2854.1111111111113,464.0,0.16257250749406313,0.6100494755222241,1.0,0.07017168217386227,0.1111111111111111,0.0,-18.321981424148607,0.0445037103678248,0.9955940486831286
388,4438.0,2017.0,0.4544840018026138,0.7844559322280392,0.9983982536075131,0.09135746832907717,0.0,0.0,-8.090815273477812,0.0004584999767400866,0.9631145394390846
389,2086.722222222222,1904.0,0.9124357711456031,0.33478714920659225,0.725627185400597,0.16607651553473018,0.16666666666666666,0.0,132.47987616099073,0.13799553620949404,0.8813887934667445
390,1761.2222222222222,310.0,0.17601413160052995,0.5024661362250238,0.9577634920927335,0.07412781527979308,0.1111111111111111,0.0,-17.91950464396285,0.0950171152211752,0.9948326742317269
391,1433.8333333333333,255.0,0.17784493781239102,0.5519799858779789,0.9488519431987329,0.07261032972993917,0.1111111111111111,0.0,-16.366357069143447,0.11742311824399917,0.9947302933644975
392,2766.777777777778,1257.0,0.4543191036504558,0.7823608182877269,0.9999985597910077,0.09007670374683747,0.0,0.0,-9.203302373581012,0.0015278103424046967,0.9627629205934932
393,1350.2222222222222,617.0,0.4569618169848585,0.7612462550225805,0.9973975480445093,0.0885862409479921,0.0,0.0,-8.000000000000004,0.004786064764097082,0.9610552401304182
394,638.4444444444445,278.0,0.43543334493560737,0.748601632587546,0.9566578982336348,0.09136790810998956,0.05555555555555555,0.0,2.9102167182662533,0.003120630320297847,0.9661471451604414
395,2493.8333333333335,2221.0,0.8905968054534518,0.015164698677792956,0.42797174036654595,0.16710107153200116,0.05555555555555555,0.0,-62.432404540763685,0.02251858595453641,0.8811476377698417
396,2907.5,1010.0,0.3473774720550301,0.8917675525943095,1.0,0.0824687111875418,0.0,0.0,155.82559339525287,0.6784599376011111,0.979873226765247
397,1093.0555555555557,506.0,0.4629224904701397,0.7633479616691212,0.9938663707177415,0.09809402795425667,0.05555555555555555,0.0,-3.6707946336429313,0.0015010566909027354,0.9614006233007918
398,2998.777777777778,493.0,0.16440031123791174,0.5822151262747111,1.0,0.07017673867131054,0.1111111111111111,0.0,-32.36326109391125,0.12259631056468925,0.9954407802549265
399,1345.7222222222222,577.0,0.4287660487965983,0.715328598256791,1.0,0.09833629195392808,0.05555555555555555,0.0,0.26315789473684026,5.918849832966027e-06,0.9685592441510069
400,1373.111111111111,214.0,0.1558504612396828,0.45184079538617106,0.9716068334123525,0.07238226250202298,0.1111111111111111,0.0,-13.368421052631579,0.11111761184063627,0.9959815859393275
401,1850.5555555555557,1407.0,0.760312218552987,-0.16931339397250655,-0.07557273351646465,0.22131492044431103,0.05555555555555555,0.0,80.9184726522188,0.09425902425589498,0.9414207417858659
402,1379.3333333333333,245.0,0.1776220396326728,0.524769238779344,0.9928954445029345,0.07072659900112777,0.1111111111111111,0.0,-14.018575851393189,0.09334008495689795,0.9946706057431335
403,2542.277777777778,450.0,0.17700662135879897,0.4936665754252207,0.9984484926369256,0.07329385284412492,0.1111111111111111,0.0,-32.47781217750258,0.14867944630216937,0.9948480487648208
404,1622.5555555555557,295.0,0.18181195644730533,0.5753918830236813,0.9853386847381645,0.07306717797712799,0.1111111111111111,0.0,-12.061919504643962,0.04760465851902724,0.9945123962936246
405,3542.3888888888887,657.0,0.18546806141492717,0.5861991462399031,1.0,0.0723617144739112,0.1111111111111111,0.0,-32.060887512899896,0.06796936319364516,0.9943048548647163
406,62.44444444444444,34.0,0.5444839857651246,-0.07233946849499773,1.0,0.12811387900355872,0.11764705882352941,0.05555555555555555,1.4534313725490196,0.0447087521334139,0.9327193017114987
407,1029.4444444444443,450.0,0.43712898003238,0.750378592608794,0.99386493443633,0.08645439827307069,0.0,0.0,-6.776057791537667,0.006472049962950041,0.9655614224854285
408,297.72222222222223,114.0,0.38290725881694343,-0.24105869683153885,0.4725646861034253,0.08621011382720657,0.0,0.0,2.2693498452012384,0.011228913997689771,0.9743877316505853
409,57.166666666666664,55.0,0.9620991253644315,-0.0839448634889814,-0.017187166823851463,0.24101068999028183,0.0625,0.1111111111111111,-2.5161764705882352,0.042868783293082365,0.854809281074557
410,134.44444444444446,114.0,0.8479338842975206,0.07852510179595329,0.22591455263107119,0.1987603305785124,0.058823529411764705,0.05555555555555555,6.262254901960784,0.07290255636838022,0.8788055665164839
411,3009.8333333333335,556.0,0.18472783653579933,0.5771122234772672,0.9990054640969702,0.07381361094191262,0.1111111111111111,0.0,-29.48710010319918,0.08014124356446921,0.9943471330869872
412,1230.5,214.0,0.17391304347826086,0.6059486689157323,0.9713972706136365,0.0697548422050657,0.05555555555555555,0.0,-6.098039215686275,0.023247644142777735,0.9949696092679207
413,1109.5,191.0,0.17214961694456962,0.5814869385186675,0.9990310458768829,0.07370687496870462,0.05555555555555555,0.0,-7.480908152734778,0.04380546208068837,0.9951077465939353
414,130.83333333333334,82.0,0.6267515923566879,-0.06995932229286302,0.916567679155921,0.1435244161358811,0.1111111111111111,0.0,-4.966976264189887,0.10402938524874096,0.9418051961757279
415,1207.5,558.0,0.462111801242236,0.7631018923234408,0.9856220796458449,0.09036116862203819,0.0,0.0,-2.857585139318885,0.0007485264838699325,0.9614460519296462
416,1983.2777777777778,874.0,0.4406846130143701,0.7563456676898075,1.0,0.08697722625283622,0.0,0.0,5.652218782249743,0.0011928147839063445,0.9645413874725797
417,2596.5555555555557,1152.0,0.4436646839830545,0.7651963032192652,0.9971783826011525,0.08996961786982755,0.0,0.0,5.791537667698662,0.0007203494960144485,0.9646295024025039
418,1113.8333333333333,514.0,0.46146939997007336,0.7692352362380431,0.9970637709841894,0.09322160706269639,0.05555555555555555,0.0,-4.772961816305469,0.0024544724484587706,0.9622693405093254
419,3544.0,571.0,0.16111738148984198,0.5595759485825315,0.9502747315936257,0.07287747679959869,0.1111111111111111,0.0,-29.159958720330238,0.07422681673532976,0.9957122860294786
420,1614.0,719.0,0.4454770755885997,0.7399915533910109,0.9860567554466144,0.08708522649043095,0.0,0.0,9.618163054695563,0.005099439915515856,0.9636549377051806
421,1082.4444444444443,199.0,0.18384315335660031,0.5321844634251964,0.9825529696839408,0.06933894477520017,0.0,0.0,-10.204334365325076,0.07530509360966987,0.9942318052178939
422,74.61111111111111,32.0,0.4288905435591958,-0.221038930304106,0.7683023321036564,0.09456440804169769,0.11764705882352941,0.05555555555555555,-1.0735294117647058,0.027819541021946587,0.9495370445067193
423,2495.3888888888887,1112.0,0.44562192488367436,0.7454448443703852,0.9861016152519023,0.08660418104503863,0.0,0.0,17.18575851393189,0.006807733791936609,0.9642321575265993
424,135.05555555555554,80.0,0.5923488276429454,-0.16437161135395756,0.491404686266134,0.1443850267379679,0.058823529411764705,0.05555555555555555,-6.436274509803922,0.15854320453581505,0.9282300792879358
425,4926.777777777777,855.0,0.17354141764957942,0.5839702283272007,0.9925779713506212,0.07472767867210933,0.1111111111111111,0.0,-71.10835913312694,0.1971470517732439,0.995036522933832
426,1540.111111111111,1361.0,0.8837024745689345,-0.27511236922306853,0.8847947592578793,0.1850515835798283,0.1111111111111111,0.0,-19.126934984520126,0.00562818355603316,0.8986927778996543
427,104.77777777777777,51.0,0.48674443266171796,-0.21032170227692526,0.12308730968491788,0.10763520678685047,0.05555555555555555,0.0,-1.4922600619195048,0.02425205858103775,0.9608919376944771
428,1652.8333333333333,285.0,0.17243117878390643,0.6008899687630863,0.9893121264927714,0.07169506907330846,0.1111111111111111,0.0,-17.546955624355007,0.1082760573917318,0.9950439482917378
429,1743.8333333333333,779.0,0.44671700277167165,0.7524335172622593,0.967174064368657,0.09207047054700691,0.05555555555555555,0.0,6.634674922600619,0.002065650670275597,0.9647757374205262
430,6191.111111111111,1091.0,0.17622038765254844,0.6031000045639507,0.9832921682701179,0.07005563531945441,0.1111111111111111,0.0,-43.43034055727554,0.04518822795730757,0.9948421201859416
431,271.44444444444446,142.0,0.52312730249693,-0.10551932234072,0.9693331280017803,0.13057715923045435,0.05555555555555555,0.0,3.818369453044376,0.02072579959705896,0.9566171204903682
432,2292.1111111111113,437.0,0.19065393378253911,0.512965759939591,1.0,0.07634882931795046,0.1111111111111111,0.0,-25.638802889576883,0.09827182640796198,0.9940767095392531
433,1129.0,520.0,0.46058458813108943,0.7573716601346782,0.9793053697660918,0.08749138864285011,0.0,0.0,2.934984520123839,0.0009081135015932,0.9619931051746892
434,4902.5,863.0,0.1760326364099949,0.6614123790577542,0.9792065074147526,0.07074621791602924,0.05555555555555555,0.0,-51.91640866873065,0.10318187745932768,0.994864160947266
435,5464.222222222223,2468.0,0.4516653788279312,0.768104366226226,0.9952790281478109,0.08712229045508155,0.0,0.0,-9.882352941176471,0.00045699652421424475,0.9622749392825952
436,1910.4444444444443,841.0,0.4402117017564267,0.7777076816865832,0.9967567135162348,0.09040944515528673,0.0,0.0,-7.296181630546955,0.0021460703259173135,0.9658780179580717
437,14906.0,5358.0,0.35945256943512677,0.894851631845586,1.0,0.08464153137439062,0.0,0.0,833.0278637770898,0.6887988815233339,0.9783887815891131
438,569.3333333333334,394.0,0.6920374707259953,-0.030229974289330757,0.997773592996132,0.20579625292740047,0.05555555555555555,0.0,-7.209494324045408,0.009533393376983739,0.9497033780259657
439,56.44444444444444,36.0,0.6377952755905512,0.2945190730234284,0.5738838010587479,0.14271653543307086,0.058823529411764705,0.05555555555555555,1.2524509803921569,0.028778306494843905,0.9192968640546788
440,6363.5,1138.0,0.17883240355150468,0.5409232356512559,0.9988324436226717,0.07154518390473447,0.05555555555555555,0.0,-68.9422084623323,0.1045784841952505,0.9946155860180597
441,4312.333333333333,3854.0,0.8937156991574554,-0.18393651054261875,0.5132789471583268,0.17322408595501276,0.16666666666666666,0.0,267.3952528379773,0.13719781698180317,0.8873281107121951
442,1153.4444444444443,930.0,0.8062807051343802,-0.16949311538686193,0.5626257545857019,0.1705038050284173,0.05555555555555555,0.0,-71.37048503611972,0.16783008566635838,0.9019397649257018
443,2225.777777777778,409.0,0.18375599041533547,0.5674641073455698,0.9856302696901312,0.07250898562300319,0.05555555555555555,0.0,-20.961816305469558,0.07478633357283014,0.9943837999440424
444,1814.0555555555557,1722.0,0.9492542798517747,-0.23665190303422978,0.17948035393225292,0.17866658499984686,0.16666666666666666,0.0,-65.87100103199174,0.041693553949786195,0.8842593779688697
445,52.05555555555556,27.0,0.5186766275346851,0.5579401007624685,0.8925404012655839,0.12700106723585913,0.05555555555555555,0.0,-0.5872033023735809,0.013001794835957587,0.9536939700860831
446,1522.9444444444443,691.0,0.45372633422099007,0.7632404844472865,0.9927807487761707,0.09119760697479298,0.0,0.0,2.925696594427245,0.0005105432459361859,0.9626906595796276
447,67.61111111111111,39.0,0.5768282662284305,-0.15640337015637423,0.8079436911315766,0.11175020542317174,0.058823529411764705,0.05555555555555555,1.8259803921568623,0.0531801851315283,0.926319380082336
448,2842.4444444444443,472.0,0.16605425689938239,0.5980123657892402,1.0,0.06950199358924243,0.05555555555555555,0.0,-24.229102167182663,0.07524230591772137,0.9953713150111952
449,2909.3333333333335,1035.0,0.3557516040329972,0.874580033241175,1.0,0.08978765658417354,0.05555555555555555,0.0,157.08359133126933,0.6571019749976428,0.9790031985857948
450,5852.722222222223,1096.0,0.18726328678962306,0.5735198095566212,1.0,0.07135331137457404,0.05555555555555555,0.0,-59.053663570691434,0.08278755834416839,0.994109667933308
451,2601.5,503.0,0.19334999039015952,0.5209710391921681,0.999893900532051,0.07442287569137464,0.1111111111111111,0.0,-25.41486068111455,0.07263752585766364,0.9938072810973002
452,152.77777777777777,82.0,0.5367272727272727,-0.3217371469929292,0.9852496255818334,0.11963636363636364,0.11764705882352941,0.05555555555555555,-1.1715686274509804,0.0049718077670950775,0.9360961209894615
